rank,A,C,G,U,name,epsilon,class
1,0,1,0,0,rp01,-80.4,10
2,0,1,0,0,rp01,-155.0,4
3,0,0,1,0,rp01,-154.9,4
4,0,1,0,0,rp01,-154.3,4
5,0,1,0,0,rp01,-144.3,5
6,0,0,1,0,rp01,-150.5,4
7,0,1,0,0,rp01,-152.9,4
8,0,0,1,0,rp01,-144.9,5
9,0,1,0,0,rp01,-145.0,5
10,0,1,0,0,rp01,-141.5,6
11,1,0,0,0,rp01,-156.8,3
12,0,0,0,1,rp01,-145.5,5
13,0,0,1,0,rp01,-159.4,3
14,0,1,0,0,rp01,-101.9,10
15,0,1,0,0,rp01,-169.0,2
16,0,0,0,1,rp01,-98.2,10
17,0,0,1,0,rp01,-136.8,6
18,0,0,0,1,rp01,-154.3,4
19,0,0,1,0,rp01,-150.3,4
20,0,0,1,0,rp01,-134.2,7
21,0,1,0,0,rp01,-151.2,4
22,0,0,1,0,rp01,-158.8,3
24,0,1,0,0,rp01,-81.3,10
25,0,1,0,0,rp01,-149.2,4
26,0,0,1,0,rp01,-158.2,3
27,0,1,0,0,rp01,-151.8,4
28,0,1,0,0,rp01,-158.8,3
29,0,0,1,0,rp01,-136.0,7
30,0,1,0,0,rp01,-150.5,4
31,0,0,1,0,rp01,-141.3,6
32,0,1,0,0,rp01,-149.6,4
33,0,1,0,0,rp01,-151.4,4
34,1,0,0,0,rp01,-158.4,3
35,0,0,0,1,rp01,-149.1,4
36,0,0,1,0,rp01,-149.1,4
37,0,1,0,0,rp01,-159.5,3
38,0,1,0,0,rp01,-117.6,9
39,0,0,0,1,rp01,42.6,9
40,0,0,1,0,rp01,-134.4,7
41,0,0,0,1,rp01,-156.0,3
42,0,0,1,0,rp01,-161.7,3
43,0,0,1,0,rp01,-143.1,5
44,0,1,0,0,rp01,-152.4,4
45,0,0,1,0,rp01,-153.3,4
1,0,1,0,0,rp02,-95.3,10
2,0,1,0,0,rp02,-143.4,5
3,0,0,1,0,rp02,-146.0,5
4,0,0,1,0,rp02,-141.9,6
5,1,0,0,0,rp02,-149.2,4
6,0,0,1,0,rp02,-168.8,2
7,0,0,1,0,rp02,-125.1,8
8,1,0,0,0,rp02,-124.0,8
9,1,0,0,0,rp02,-131.9,8
10,0,1,0,0,rp02,-112.4,9
11,0,0,0,1,rp02,-110.2,9
12,1,0,0,0,rp02,-130.3,8
13,0,1,0,0,rp02,-165.5,2
14,0,0,0,1,rp02,-155.8,3
16,0,1,0,0,rp02,-75.6,10
17,0,1,0,0,rp02,-141.0,6
18,0,0,1,0,rp02,-162.1,2
19,0,0,1,0,rp02,-125.0,8
20,0,1,0,0,rp02,-141.2,6
21,1,0,0,0,rp02,-145.8,5
22,0,0,1,0,rp02,-116.0,9
23,0,1,0,0,rp02,-148.7,4
24,0,1,0,0,rp02,-139.0,6
26,0,1,0,0,rp02,-58.0,10
27,0,1,0,0,rp02,-153.7,4
28,0,0,1,0,rp02,-157.1,3
29,0,0,1,0,rp02,-174.3,1
30,1,0,0,0,rp02,-154.7,4
31,0,0,1,0,rp02,-139.1,6
32,0,0,1,0,rp02,-154.5,4
33,1,0,0,0,rp02,-164.8,2
34,1,0,0,0,rp02,173.4,10
35,0,1,0,0,rp02,-96.3,10
36,0,0,0,1,rp02,-161.3,3
37,1,0,0,0,rp02,-161.4,3
38,0,1,0,0,rp02,-168.6,2
39,0,0,0,1,rp02,170.3,10
41,0,1,0,0,rp02,-56.1,10
42,0,1,0,0,rp02,-142.1,5
43,0,0,1,0,rp02,-163.0,2
44,0,0,1,0,rp02,-120.5,9
45,0,1,0,0,rp02,-89.1,10
46,1,0,0,0,rp02,-133.5,7
47,0,0,1,0,rp02,-108.2,9
48,0,1,0,0,rp02,-163.1,2
49,0,1,0,0,rp02,-148.0,4
51,0,1,0,0,rp02,-46.3,9
52,0,1,0,0,rp02,177.9,10
53,0,0,1,0,rp02,-154.0,4
54,0,0,1,0,rp02,-116.0,9
55,1,0,0,0,rp02,-144.7,5
56,0,0,1,0,rp02,-141.0,6
57,0,0,1,0,rp02,-135.9,7
58,1,0,0,0,rp02,175.4,10
59,1,0,0,0,rp02,-160.1,3
60,0,1,0,0,rp02,-110.0,9
61,0,0,0,1,rp02,-162.2,2
62,1,0,0,0,rp02,-155.2,3
63,0,1,0,0,rp02,-131.8,8
64,0,0,0,1,rp02,-150.5,4
66,0,1,0,0,rp02,-59.3,10
67,0,1,0,0,rp02,-162.4,2
68,0,0,1,0,rp02,-143.9,5
69,0,0,1,0,rp02,-139.0,6
70,0,1,0,0,rp02,-138.9,6
71,1,0,0,0,rp02,-143.6,5
72,0,0,1,0,rp02,-149.7,4
73,0,1,0,0,rp02,-146.7,4
74,0,1,0,0,rp02,-161.7,3
76,0,1,0,0,rp02,-69.7,10
77,0,1,0,0,rp02,-151.2,4
78,0,0,1,0,rp02,-158.2,3
79,0,0,1,0,rp02,-157.3,3
80,1,0,0,0,rp02,-139.5,6
81,0,0,1,0,rp02,-147.1,4
82,0,0,1,0,rp02,-136.7,6
83,1,0,0,0,rp02,-164.5,2
84,1,0,0,0,rp02,-132.4,8
86,0,1,0,0,rp02,-68.8,10
87,0,0,0,1,rp02,-177.0,1
89,0,1,0,0,rp02,-73.5,10
90,0,1,0,0,rp02,-154.9,4
91,0,0,1,0,rp02,-154.5,4
92,0,0,1,0,rp02,-141.8,6
93,0,1,0,0,rp02,-143.2,5
94,1,0,0,0,rp02,-126.9,8
95,0,0,1,0,rp02,-124.0,8
96,0,1,0,0,rp02,-153.2,4
97,0,1,0,0,rp02,-148.4,4
1,0,1,0,0,rp03,-78.7,10
2,0,0,0,1,rp03,-145.1,5
3,0,1,0,0,rp03,-142.6,5
4,0,0,0,1,rp03,-147.7,4
5,0,0,1,0,rp03,-138.4,6
6,0,0,1,0,rp03,-118.2,9
7,1,0,0,0,rp03,-148.8,4
8,0,0,1,0,rp03,-107.5,9
9,1,0,0,0,rp03,-158.3,3
10,0,0,1,0,rp03,-134.7,7
11,1,0,0,0,rp03,-99.0,10
12,1,0,0,0,rp03,-148.9,4
13,0,1,0,0,rp03,-147.8,4
14,0,1,0,0,rp03,-139.4,6
15,0,0,1,0,rp03,-128.0,8
16,0,0,0,1,rp03,-124.1,8
17,0,0,0,1,rp03,-86.4,10
18,0,0,0,1,rp03,-122.4,8
19,1,0,0,0,rp03,-137.9,6
20,1,0,0,0,rp03,-142.1,5
21,0,0,0,1,rp03,-139.7,6
22,0,1,0,0,rp03,-138.1,6
23,0,0,1,0,rp03,-157.1,3
24,0,0,1,0,rp03,-114.6,9
25,0,0,0,1,rp03,-119.0,9
26,0,1,0,0,rp03,-127.1,8
27,0,0,1,0,rp03,-142.6,5
28,0,1,0,0,rp03,-139.0,6
29,0,1,0,0,rp03,-158.3,3
30,0,0,1,0,rp03,-148.7,4
31,1,0,0,0,rp03,-88.7,10
32,1,0,0,0,rp03,-128.9,8
33,0,0,1,0,rp03,-118.4,9
34,0,0,1,0,rp03,-147.2,4
35,1,0,0,0,rp03,-150.2,4
36,0,0,1,0,rp03,-139.7,6
37,0,1,0,0,rp03,-143.2,5
38,1,0,0,0,rp03,-148.6,4
39,1,0,0,0,rp03,-146.4,4
40,0,0,1,0,rp03,-144.3,5
41,0,1,0,0,rp03,-141.9,6
42,0,0,0,1,rp03,-150.5,4
43,0,1,0,0,rp03,-122.4,8
44,0,0,0,1,rp03,-146.9,4
45,0,0,1,0,rp03,-140.9,6
46,0,1,0,0,rp03,-144.7,5
47,0,0,1,0,rp03,-144.7,5
48,0,0,1,0,rp03,-110.5,9
49,1,0,0,0,rp03,-102.0,10
50,1,0,0,0,rp03,-134.9,7
51,1,0,0,0,rp03,-118.6,9
52,0,1,0,0,rp03,-156.4,3
53,0,0,1,0,rp03,-142.1,5
54,0,1,0,0,rp03,-137.5,6
55,1,0,0,0,rp03,-164.5,2
56,0,0,1,0,rp03,-88.7,10
57,1,0,0,0,rp03,-100.1,10
58,0,0,1,0,rp03,-103.8,10
59,0,0,0,1,rp03,-129.5,8
60,0,0,1,0,rp03,-119.8,9
61,1,0,0,0,rp03,-155.2,3
62,1,0,0,0,rp03,-138.6,6
63,1,0,0,0,rp03,44.2,9
64,0,1,0,0,rp03,-145.3,5
65,0,0,0,1,rp03,-147.7,4
66,0,1,0,0,rp03,-134.7,7
67,0,0,0,1,rp03,-89.3,10
68,0,1,0,0,rp03,-126.4,8
69,1,0,0,0,rp03,-128.3,8
70,0,0,1,0,rp03,-147.4,4
71,0,0,1,0,rp03,-153.2,4
72,0,1,0,0,rp03,-89.4,10
73,1,0,0,0,rp03,-141.5,6
74,1,0,0,0,rp03,-138.5,6
75,1,0,0,0,rp03,-136.8,6
76,1,0,0,0,rp03,-139.3,6
77,0,0,1,0,rp03,-133.8,7
78,0,0,1,0,rp03,-109.2,9
79,1,0,0,0,rp03,-117.3,9
80,0,1,0,0,rp03,-146.4,4
81,1,0,0,0,rp03,-138.7,6
82,0,0,1,0,rp03,-142.3,5
83,1,0,0,0,rp03,-142.2,5
1,0,0,1,0,rp04,-90.3,10
2,0,0,1,0,rp04,-157.1,3
3,0,1,0,0,rp04,-155.7,3
4,0,0,0,1,rp04,-154.1,4
5,0,0,0,1,rp04,-154.0,4
6,1,0,0,0,rp04,-149.7,4
7,0,0,0,1,rp04,-156.1,3
8,0,1,0,0,rp04,-142.6,5
9,1,0,0,0,rp04,-31.5,9
10,1,0,0,0,rp04,-146.9,4
11,0,0,1,0,rp04,-131.9,8
12,1,0,0,0,rp04,-134.0,7
13,0,0,1,0,rp04,-103.8,10
14,1,0,0,0,rp04,59.6,9
15,0,0,1,0,rp04,-126.3,8
16,0,0,1,0,rp04,-160.5,3
17,0,0,0,1,rp04,-152.7,4
18,0,0,1,0,rp04,-170.3,1
19,0,0,1,0,rp04,-175.1,1
20,1,0,0,0,rp04,-22.6,9
21,0,0,1,0,rp04,-146.9,4
22,0,0,1,0,rp04,-163.1,2
23,0,0,1,0,rp04,-141.2,6
24,1,0,0,0,rp04,-156.4,3
25,0,1,0,0,rp04,-145.6,5
26,0,0,0,1,rp04,-119.2,9
27,0,0,1,0,rp04,-173.4,1
28,0,0,1,0,rp04,-132.7,8
29,0,1,0,0,rp04,-168.2,2
30,0,1,0,0,rp04,-120.8,9
31,0,1,0,0,rp04,-152.6,4
32,0,0,1,0,rp04,-168.3,2
33,1,0,0,0,rp04,74.9,9
34,0,0,0,1,rp04,-50.1,9
35,0,0,1,0,rp04,-151.2,4
36,1,0,0,0,rp04,-133.2,7
37,1,0,0,0,rp04,-142.9,5
38,1,0,0,0,rp04,-154.4,4
39,0,1,0,0,rp04,-158.1,3
40,0,1,0,0,rp04,-153.4,4
41,0,1,0,0,rp04,-147.9,4
42,0,0,1,0,rp04,-152.7,4
43,0,0,1,0,rp04,-164.0,2
44,0,1,0,0,rp04,-156.1,3
45,1,0,0,0,rp04,-157.6,3
46,1,0,0,0,rp04,-19.9,9
47,0,1,0,0,rp04,-133.3,7
48,0,1,0,0,rp04,-152.8,4
49,1,0,0,0,rp04,-159.7,3
50,0,1,0,0,rp04,-162.6,2
51,0,0,0,1,rp04,-146.8,4
52,1,0,0,0,rp04,-112.9,9
53,0,0,1,0,rp04,-156.9,3
54,0,0,0,1,rp04,-143.1,5
55,0,1,0,0,rp04,-163.2,2
56,0,0,0,1,rp04,-150.0,4
57,1,0,0,0,rp04,-158.6,3
58,0,0,1,0,rp04,-152.7,4
59,0,1,0,0,rp04,-149.9,4
60,0,0,1,0,rp04,-162.0,3
61,0,0,0,1,rp04,-143.7,5
62,0,1,0,0,rp04,-129.2,8
63,1,0,0,0,rp04,180.0,Na
64,0,0,1,0,rp04,-142.7,5
65,0,1,0,0,rp04,-151.1,4
66,0,0,0,1,rp04,-96.2,10
67,0,0,0,1,rp04,-8.7,9
68,0,1,0,0,rp04,151.2,9
69,0,0,1,0,rp04,-139.9,6
70,0,0,1,0,rp04,-165.1,2
71,0,1,0,0,rp04,-130.3,8
72,0,0,0,1,rp04,-161.9,3
73,0,0,1,0,rp04,-161.5,3
74,1,0,0,0,rp04,-154.1,4
75,0,1,0,0,rp04,-153.8,4
76,0,0,1,0,rp04,-158.3,3
77,0,1,0,0,rp04,-157.2,3
78,0,0,0,1,rp04,-152.1,4
79,1,0,0,0,rp04,-162.3,2
80,0,0,1,0,rp04,-164.6,2
81,0,0,1,0,rp04,-172.2,1
82,0,1,0,0,rp04,-151.8,4
83,0,0,0,1,rp04,-164.7,2
84,1,0,0,0,rp04,-175.9,1
85,0,0,1,0,rp04,-155.1,3
86,0,0,0,1,rp04,-103.4,10
87,0,0,1,0,rp04,-156.5,3
88,0,0,1,0,rp04,-124.4,8
89,0,0,0,1,rp04,-144.0,5
90,0,0,1,0,rp04,-157.5,3
91,0,1,0,0,rp04,-160.9,3
92,0,1,0,0,rp04,168.1,10
93,1,0,0,0,rp04,-144.1,5
94,1,0,0,0,rp04,-90.6,10
95,0,0,0,1,rp04,-117.8,9
96,0,0,0,1,rp04,-71.9,10
97,0,1,0,0,rp04,-150.1,4
98,0,1,0,0,rp04,-149.5,4
99,0,0,0,1,rp04,-139.0,6
100,0,0,1,0,rp04,-99.7,10
101,0,1,0,0,rp04,-166.6,2
102,1,0,0,0,rp04,-178.8,1
103,0,0,1,0,rp04,-163.3,2
104,0,1,0,0,rp04,-147.2,4
105,0,0,1,0,rp04,-156.5,3
106,0,0,1,0,rp04,-161.5,3
107,1,0,0,0,rp04,-133.1,7
108,1,0,0,0,rp04,-152.1,4
109,1,0,0,0,rp04,-142.6,5
110,0,1,0,0,rp04,-150.1,4
111,0,0,1,0,rp04,-159.9,3
112,0,0,0,1,rp04,-168.0,2
113,0,0,0,1,rp04,-143.2,5
114,0,0,1,0,rp04,-175.8,1
115,1,0,0,0,rp04,-125.5,8
116,1,0,0,0,rp04,-144.9,5
117,1,0,0,0,rp04,-166.6,2
118,0,0,1,0,rp04,-134.1,7
119,1,0,0,0,rp04,-134.5,7
120,0,0,0,1,rp04,-151.0,4
121,0,0,1,0,rp04,-149.1,4
122,1,0,0,0,rp04,-156.0,3
123,0,0,1,0,rp04,-173.6,1
124,0,1,0,0,rp04,-131.3,8
125,0,1,0,0,rp04,-176.5,1
1,0,0,1,0,rp05,-73.0,10
2,0,0,1,0,rp05,-136.6,6
3,0,0,0,1,rp05,-136.6,6
4,0,0,0,1,rp05,-153.0,4
5,0,0,1,0,rp05,-110.0,9
6,0,0,1,0,rp05,-160.6,3
7,0,0,1,0,rp05,-114.8,9
8,0,0,0,1,rp05,-148.9,4
9,0,0,0,1,rp05,-150.8,4
10,0,0,1,0,rp05,-149.9,4
11,0,0,1,0,rp05,-142.7,5
12,0,0,1,0,rp05,-137.2,6
13,1,0,0,0,rp05,-105.7,9
14,1,0,0,0,rp05,-76.1,10
15,0,0,1,0,rp05,-118.3,9
16,0,0,0,1,rp05,-144.1,5
17,1,0,0,0,rp05,-146.8,4
18,0,0,0,1,rp05,-153.3,4
19,0,1,0,0,rp05,-136.8,6
20,1,0,0,0,rp05,-139.9,6
21,0,0,0,1,rp05,-145.6,5
22,0,0,1,0,rp05,-153.9,4
23,0,0,1,0,rp05,-132.0,8
24,0,1,0,0,rp05,-131.3,8
25,0,0,0,1,rp05,-143.9,5
26,1,0,0,0,rp05,-128.3,8
27,1,0,0,0,rp05,-149.2,4
28,0,0,0,1,rp05,-167.3,2
29,0,1,0,0,rp05,-123.5,8
30,1,0,0,0,rp05,-137.7,6
31,0,1,0,0,rp05,-145.8,5
32,0,1,0,0,rp05,-149.0,4
33,1,0,0,0,rp05,-144.9,5
34,0,0,0,1,rp05,-148.0,4
35,0,0,1,0,rp05,-150.9,4
36,1,0,0,0,rp05,-124.1,8
37,0,0,0,1,rp05,-147.3,4
38,0,0,1,0,rp05,-139.1,6
39,0,1,0,0,rp05,-145.2,5
40,1,0,0,0,rp05,-143.6,5
41,1,0,0,0,rp05,-90.6,10
42,0,0,0,1,rp05,-158.8,3
43,0,1,0,0,rp05,-147.9,4
44,0,0,1,0,rp05,-144.8,5
45,0,0,1,0,rp05,-147.5,4
46,0,0,1,0,rp05,-142.4,5
47,0,0,0,1,rp05,-144.0,5
48,0,0,0,1,rp05,-151.1,4
49,0,0,1,0,rp05,-144.2,5
50,1,0,0,0,rp05,-138.6,6
51,1,0,0,0,rp05,-144.1,5
52,0,1,0,0,rp05,-150.5,4
53,1,0,0,0,rp05,-149.1,4
54,0,1,0,0,rp05,-147.1,4
55,0,0,0,1,rp05,-144.7,5
56,0,0,0,1,rp05,-133.6,7
57,1,0,0,0,rp05,-113.2,9
58,1,0,0,0,rp05,-147.8,4
59,0,0,0,1,rp05,-10.5,9
60,0,0,0,1,rp05,-158.0,3
61,0,0,1,0,rp05,-147.7,4
62,0,0,1,0,rp05,-151.0,4
63,0,0,1,0,rp05,-139.0,6
64,0,0,0,1,rp05,-148.0,4
65,0,0,0,1,rp05,-113.3,9
66,1,0,0,0,rp05,-114.3,9
67,1,0,0,0,rp05,-143.7,5
68,1,0,0,0,rp05,-55.5,9
69,1,0,0,0,rp05,-152.3,4
70,0,1,0,0,rp05,-150.5,4
71,0,0,1,0,rp05,-150.6,4
72,0,0,1,0,rp05,-154.9,4
73,0,0,0,1,rp05,-142.2,5
74,0,0,1,0,rp05,-132.2,8
75,0,0,1,0,rp05,-146.1,4
76,0,0,1,0,rp05,-169.2,1
77,0,0,1,0,rp05,-113.9,9
78,0,0,1,0,rp05,-121.1,9
79,1,0,0,0,rp05,-92.2,10
80,0,1,0,0,rp05,159.6,9
81,0,0,1,0,rp05,-148.5,4
82,1,0,0,0,rp05,-127.6,8
83,0,0,0,1,rp05,-125.8,8
84,0,1,0,0,rp05,-148.6,4
85,0,1,0,0,rp05,-142.0,6
86,0,1,0,0,rp05,-140.9,6
87,0,0,1,0,rp05,-141.0,6
88,0,0,0,1,rp05,-123.6,8
89,1,0,0,0,rp05,-121.1,9
90,1,0,0,0,rp05,-149.7,4
91,0,1,0,0,rp05,-90.9,10
92,1,0,0,0,rp05,-81.0,10
93,0,0,0,1,rp05,-146.1,4
94,0,1,0,0,rp05,-150.2,4
95,0,1,0,0,rp05,-150.6,4
96,0,0,1,0,rp05,-147.3,4
97,0,0,0,1,rp05,-142.6,5
98,0,1,0,0,rp05,-144.0,5
99,0,1,0,0,rp05,-140.8,6
100,0,0,0,1,rp05,-123.9,8
101,1,0,0,0,rp05,-130.5,8
102,1,0,0,0,rp05,-137.9,6
103,0,1,0,0,rp05,-154.4,4
104,0,0,1,0,rp05,-138.5,6
105,0,0,1,0,rp05,-95.8,10
106,0,1,0,0,rp05,-153.8,4
107,0,0,1,0,rp05,-114.0,9
108,1,0,0,0,rp05,-139.9,6
109,0,1,0,0,rp05,-136.2,6
110,1,0,0,0,rp05,-129.4,8
111,0,0,1,0,rp05,-152.8,4
112,1,0,0,0,rp05,-144.0,5
113,0,1,0,0,rp05,-147.1,4
114,0,0,0,1,rp05,-157.4,3
115,0,0,1,0,rp05,-128.6,8
116,0,1,0,0,rp05,-126.7,8
117,1,0,0,0,rp05,-104.1,10
118,0,1,0,0,rp05,-137.3,6
119,0,0,1,0,rp05,-132.7,8
120,0,0,1,0,rp05,-143.5,5
121,0,1,0,0,rp05,-143.9,5
122,0,1,0,0,rp05,-150.9,4
123,0,1,0,0,rp05,-147.2,4
124,0,0,0,1,rp05,-143.9,5
125,0,0,1,0,rp05,-147.7,4
126,0,1,0,0,rp05,-147.3,4
127,0,1,0,0,rp05,-134.4,7
128,0,0,0,1,rp05,-105.3,9
129,0,1,0,0,rp05,-90.1,10
130,0,0,0,1,rp05,-172.7,1
131,0,0,0,1,rp05,-159.1,3
132,1,0,0,0,rp05,-123.3,8
133,0,0,1,0,rp05,-148.5,4
134,0,0,1,0,rp05,-130.4,8
135,0,0,0,1,rp05,-120.5,9
136,0,0,1,0,rp05,-147.4,4
137,0,0,0,1,rp05,-152.7,4
138,0,0,1,0,rp05,-143.7,5
139,0,0,0,1,rp05,-124.0,8
140,0,1,0,0,rp05,-148.2,4
141,0,1,0,0,rp05,-145.4,5
142,1,0,0,0,rp05,-154.8,4
143,1,0,0,0,rp05,-147.4,4
144,0,0,0,1,rp05,-80.4,10
145,0,0,1,0,rp05,-161.5,3
146,1,0,0,0,rp05,-50.0,9
147,1,0,0,0,rp05,-106.6,9
148,0,1,0,0,rp05,-156.5,3
149,1,0,0,0,rp05,-156.0,3
150,0,0,1,0,rp05,-137.1,6
151,0,0,0,1,rp05,-146.2,4
152,0,1,0,0,rp05,-147.7,4
153,0,0,1,0,rp05,-144.0,5
154,0,0,0,1,rp05,-143.6,5
155,0,0,0,1,rp05,-134.3,7
156,0,1,0,0,rp05,-143.5,5
157,0,1,0,0,rp05,-133.4,7
158,0,0,1,0,rp05,-141.0,6
159,1,0,0,0,rp05,-135.9,7
160,1,0,0,0,rp05,-150.8,4
161,1,0,0,0,rp05,-112.1,9
162,0,0,1,0,rp05,-137.0,6
163,0,0,1,0,rp05,-145.9,5
164,1,0,0,0,rp05,-151.3,4
165,1,0,0,0,rp05,-117.6,9
166,0,0,1,0,rp05,-164.7,2
167,0,1,0,0,rp05,-68.4,10
168,1,0,0,0,rp05,-156.4,3
169,0,0,0,1,rp05,-112.4,9
170,0,1,0,0,rp05,-156.2,3
171,0,1,0,0,rp05,-153.2,4
172,0,0,1,0,rp05,-158.3,3
173,0,0,1,0,rp05,-119.9,9
174,0,0,0,1,rp05,-147.2,4
175,1,0,0,0,rp05,-139.4,6
176,0,0,0,1,rp05,-177.8,1
177,0,1,0,0,rp05,-142.3,5
178,0,1,0,0,rp05,-144.8,5
179,0,1,0,0,rp05,-146.0,5
180,1,0,0,0,rp05,-147.3,4
181,1,0,0,0,rp05,-124.9,8
182,0,0,1,0,rp05,-145.9,5
183,1,0,0,0,rp05,-146.0,5
184,0,1,0,0,rp05,-147.2,4
185,1,0,0,0,rp05,-155.6,3
186,1,0,0,0,rp05,-134.2,7
187,0,0,0,1,rp05,-153.6,4
1,0,1,0,0,rp06,-63.4,10
2,0,0,1,0,rp06,-136.2,6
3,0,0,1,0,rp06,-133.5,7
4,0,1,0,0,rp06,-148.8,4
5,1,0,0,0,rp06,-145.7,5
6,0,0,1,0,rp06,-153.0,4
7,0,0,1,0,rp06,-149.7,4
8,0,0,0,1,rp06,-116.5,9
9,0,0,1,0,rp06,-121.8,9
10,0,1,0,0,rp06,-169.9,1
11,0,0,0,1,rp06,-107.1,9
12,0,1,0,0,rp06,-156.2,3
13,0,1,0,0,rp06,-107.6,9
14,0,1,0,0,rp06,-109.7,9
15,0,0,1,0,rp06,-156.0,3
16,1,0,0,0,rp06,-95.9,10
18,0,0,1,0,rp06,-77.7,10
19,0,0,0,1,rp06,-149.8,4
20,0,1,0,0,rp06,-168.8,2
21,0,0,1,0,rp06,-135.9,7
22,0,0,1,0,rp06,-77.3,10
23,0,0,1,0,rp06,-89.7,10
24,1,0,0,0,rp06,-108.6,9
25,0,0,1,0,rp06,-150.8,4
26,0,0,0,1,rp06,-107.0,9
27,0,0,0,1,rp06,-128.1,8
28,1,0,0,0,rp06,-127.9,8
29,1,0,0,0,rp06,-126.7,8
30,1,0,0,0,rp06,-151.1,4
31,1,0,0,0,rp06,-122.7,8
32,0,0,1,0,rp06,-145.5,5
33,0,0,1,0,rp06,-141.5,6
34,0,0,1,0,rp06,-131.7,8
35,1,0,0,0,rp06,-141.5,6
36,1,0,0,0,rp06,-103.9,10
37,0,0,1,0,rp06,-145.1,5
38,0,1,0,0,rp06,-154.6,4
39,0,1,0,0,rp06,-143.4,5
40,0,0,1,0,rp06,-150.7,4
41,0,0,1,0,rp06,-155.3,3
42,0,0,0,1,rp06,-140.7,6
43,0,0,1,0,rp06,-132.3,8
44,0,1,0,0,rp06,-144.3,5
45,1,0,0,0,rp06,119.9,9
46,1,0,0,0,rp06,-141.4,6
47,0,0,1,0,rp06,-169.4,1
48,0,0,0,1,rp06,-134.5,7
49,0,1,0,0,rp06,-117.2,9
50,0,1,0,0,rp06,-136.5,6
51,0,0,1,0,rp06,-154.4,4
52,0,0,1,0,rp06,-137.5,6
53,0,1,0,0,rp06,-143.8,5
54,1,0,0,0,rp06,-160.1,3
55,0,1,0,0,rp06,-166.3,2
56,0,0,1,0,rp06,-152.9,4
57,0,0,1,0,rp06,-168.5,2
58,0,0,0,1,rp06,-104.4,10
59,0,1,0,0,rp06,-145.1,5
60,0,1,0,0,rp06,-146.6,4
61,0,1,0,0,rp06,-153.3,4
62,0,0,1,0,rp06,-138.7,6
63,0,1,0,0,rp06,-129.3,8
64,0,1,0,0,rp06,-113.8,9
65,1,0,0,0,rp06,-130.5,8
66,0,1,0,0,rp06,-124.0,8
67,0,0,0,1,rp06,-165.2,2
68,0,0,1,0,rp06,-135.2,7
69,0,0,0,1,rp06,-125.0,8
70,0,0,1,0,rp06,-141.6,6
71,1,0,0,0,rp06,-86.5,10
72,0,1,0,0,rp06,-142.4,5
73,0,0,1,0,rp06,-125.2,8
74,0,0,1,0,rp06,-121.6,9
75,0,0,1,0,rp06,-153.0,4
76,0,0,1,0,rp06,-66.2,10
77,1,0,0,0,rp06,-137.6,6
78,0,0,1,0,rp06,-130.5,8
79,0,0,0,1,rp06,-155.0,4
80,0,1,0,0,rp06,-148.5,4
81,0,0,1,0,rp06,-140.6,6
82,0,1,0,0,rp06,-152.1,4
83,0,1,0,0,rp06,-158.0,3
84,0,1,0,0,rp06,-123.0,8
85,0,1,0,0,rp06,-149.6,4
86,0,0,0,1,rp06,-154.6,4
87,0,1,0,0,rp06,-142.5,5
88,0,0,1,0,rp06,-152.6,4
89,0,0,1,0,rp06,-155.0,4
90,0,0,1,0,rp06,-133.8,7
91,1,0,0,0,rp06,-135.9,7
92,0,0,0,1,rp06,-85.8,10
93,0,0,1,0,rp06,-122.4,8
94,0,0,0,1,rp06,-87.7,10
95,0,0,1,0,rp06,-154.0,4
96,0,1,0,0,rp06,-150.0,4
97,0,1,0,0,rp06,-152.5,4
98,1,0,0,0,rp06,-126.2,8
99,0,1,0,0,rp06,-138.9,6
100,0,0,0,1,rp06,-159.0,3
101,0,0,1,0,rp06,-142.9,5
102,0,0,1,0,rp06,-149.6,4
103,0,1,0,0,rp06,-151.4,4
105,0,0,1,0,rp06,-87.1,10
106,0,0,1,0,rp06,-136.5,6
107,0,1,0,0,rp06,-151.6,4
108,0,1,0,0,rp06,-157.1,3
109,0,0,1,0,rp06,-126.1,8
110,0,0,1,0,rp06,-150.0,4
111,0,0,1,0,rp06,67.5,9
112,1,0,0,0,rp06,-95.4,10
113,1,0,0,0,rp06,-112.2,9
114,0,0,1,0,rp06,-163.9,2
115,0,0,1,0,rp06,-129.4,8
116,0,1,0,0,rp06,-132.0,8
117,0,0,1,0,rp06,-111.6,9
118,0,0,1,0,rp06,-132.7,8
119,1,0,0,0,rp06,-129.5,8
120,0,0,1,0,rp06,170.5,10
121,0,0,1,0,rp06,-132.5,8
122,0,0,1,0,rp06,-139.2,6
123,0,0,1,0,rp06,-158.0,3
124,0,1,0,0,rp06,-154.7,4
125,0,0,1,0,rp06,-127.9,8
126,0,0,1,0,rp06,-139.1,6
127,0,1,0,0,rp06,-146.3,4
128,0,0,1,0,rp06,-149.8,4
129,1,0,0,0,rp06,-137.4,6
130,0,0,1,0,rp06,-88.0,10
131,0,0,1,0,rp06,84.3,9
132,1,0,0,0,rp06,-149.4,4
133,0,0,0,1,rp06,-146.9,4
134,0,1,0,0,rp06,-142.8,5
135,0,1,0,0,rp06,-148.8,4
136,0,0,1,0,rp06,-136.3,6
137,0,0,1,0,rp06,-137.8,6
138,1,0,0,0,rp06,-108.7,9
139,0,0,1,0,rp06,-123.0,8
140,0,0,0,1,rp06,159.5,9
141,0,1,0,0,rp06,-161.5,3
142,1,0,0,0,rp06,-123.4,8
143,0,0,1,0,rp06,-148.6,4
144,0,0,1,0,rp06,-161.1,3
145,1,0,0,0,rp06,-122.4,8
146,1,0,0,0,rp06,-125.0,8
147,1,0,0,0,rp06,-127.7,8
148,0,1,0,0,rp06,-152.4,4
149,0,1,0,0,rp06,-163.9,2
150,0,0,0,1,rp06,-112.9,9
151,0,0,1,0,rp06,-141.6,6
152,0,1,0,0,rp06,-142.0,6
153,0,1,0,0,rp06,-153.0,4
154,0,0,0,1,rp06,-144.6,5
155,0,0,1,0,rp06,-142.9,5
156,0,1,0,0,rp06,-149.2,4
157,0,1,0,0,rp06,-155.2,3
1,0,0,1,0,rp07,-79.9,10
2,0,1,0,0,rp07,-146.5,4
3,0,0,1,0,rp07,-151.0,4
4,0,1,0,0,rp07,-150.4,4
5,0,0,0,1,rp07,-151.2,4
6,0,0,1,0,rp07,-118.5,9
7,0,0,0,1,rp07,-148.3,4
8,0,0,1,0,rp07,-168.5,2
9,0,0,0,1,rp07,-122.9,8
10,0,1,0,0,rp07,-137.1,6
11,0,0,1,0,rp07,-143.8,5
12,0,1,0,0,rp07,-101.8,10
13,1,0,0,0,rp07,-112.2,9
14,1,0,0,0,rp07,-91.7,10
15,0,0,0,1,rp07,-118.0,9
16,0,1,0,0,rp07,-138.2,6
17,0,0,0,1,rp07,-148.2,4
18,0,0,1,0,rp07,-134.6,7
19,0,1,0,0,rp07,-140.0,6
20,0,0,1,0,rp07,-149.1,4
21,1,0,0,0,rp07,-148.2,4
22,1,0,0,0,rp07,-145.4,5
23,0,0,1,0,rp07,-123.7,8
24,0,0,1,0,rp07,-138.7,6
25,0,0,1,0,rp07,-148.4,4
26,0,1,0,0,rp07,-130.8,8
27,0,0,1,0,rp07,-116.0,9
28,0,0,0,1,rp07,-127.3,8
29,0,1,0,0,rp07,-129.0,8
30,0,0,1,0,rp07,-149.3,4
31,0,0,0,1,rp07,-141.2,6
32,0,1,0,0,rp07,-144.0,5
33,0,0,1,0,rp07,-149.2,4
34,0,0,1,0,rp07,-146.2,4
35,0,1,0,0,rp07,-141.0,6
36,0,1,0,0,rp07,-143.0,5
37,0,1,0,0,rp07,-144.8,5
38,1,0,0,0,rp07,-102.9,10
39,1,0,0,0,rp07,-128.3,8
40,0,0,1,0,rp07,-141.1,6
41,0,1,0,0,rp07,-145.4,5
42,0,0,1,0,rp07,-140.3,6
43,0,0,1,0,rp07,-145.1,5
44,0,0,0,1,rp07,-169.8,1
45,1,0,0,0,rp07,-122.4,8
46,0,0,1,0,rp07,-130.3,8
47,0,0,0,1,rp07,-139.9,6
48,1,0,0,0,rp07,-143.6,5
49,1,0,0,0,rp07,-160.7,3
50,0,0,1,0,rp07,-149.9,4
51,0,1,0,0,rp07,-101.8,10
52,1,0,0,0,rp07,-105.4,9
53,0,0,1,0,rp07,-140.0,6
54,0,0,1,0,rp07,-147.8,4
55,0,0,1,0,rp07,-150.0,4
56,1,0,0,0,rp07,-114.8,9
57,1,0,0,0,rp07,-83.6,10
58,0,1,0,0,rp07,-122.4,8
59,0,0,0,1,rp07,-144.4,5
60,0,1,0,0,rp07,-149.0,4
61,1,0,0,0,rp07,-136.3,6
62,0,1,0,0,rp07,-124.0,8
63,0,1,0,0,rp07,-129.6,8
64,0,0,0,1,rp07,-151.4,4
65,0,1,0,0,rp07,-132.9,8
66,0,1,0,0,rp07,-144.0,5
67,1,0,0,0,rp07,-142.2,5
68,1,0,0,0,rp07,-142.3,5
69,0,0,0,1,rp07,-150.9,4
70,0,0,1,0,rp07,-116.0,9
71,1,0,0,0,rp07,-72.0,10
72,1,0,0,0,rp07,-159.5,3
73,1,0,0,0,rp07,-89.6,10
74,0,1,0,0,rp07,-127.5,8
75,1,0,0,0,rp07,-105.6,9
76,0,1,0,0,rp07,-141.3,6
77,1,0,0,0,rp07,-126.3,8
78,0,0,0,1,rp07,-151.4,4
79,0,0,0,1,rp07,-156.7,3
80,0,0,1,0,rp07,-131.9,8
81,0,0,0,1,rp07,-140.6,6
82,0,1,0,0,rp07,-161.5,3
83,0,0,1,0,rp07,-136.4,6
84,0,0,0,1,rp07,-156.5,3
85,1,0,0,0,rp07,-172.5,1
86,0,0,1,0,rp07,-130.7,8
87,0,1,0,0,rp07,-163.4,2
88,1,0,0,0,rp07,-132.9,8
89,0,0,1,0,rp07,-141.2,6
90,0,0,0,1,rp07,-145.8,5
91,0,0,0,1,rp07,-140.8,6
92,0,0,1,0,rp07,-112.2,9
93,1,0,0,0,rp07,-146.7,4
94,0,1,0,0,rp07,-178.8,1
95,0,0,0,1,rp07,-74.1,10
96,1,0,0,0,rp07,-114.7,9
97,0,1,0,0,rp07,-138.1,6
98,0,0,0,1,rp07,-146.1,4
99,0,0,1,0,rp07,-142.1,5
100,0,0,0,1,rp07,-137.4,6
101,0,0,0,1,rp07,-149.5,4
102,1,0,0,0,rp07,-131.3,8
103,0,0,0,1,rp07,-154.0,4
104,0,0,1,0,rp07,-147.5,4
105,0,0,0,1,rp07,-152.4,4
106,0,0,1,0,rp07,-116.8,9
107,1,0,0,0,rp07,-118.2,9
108,0,0,0,1,rp07,-165.4,2
109,0,0,0,1,rp07,-144.0,5
110,0,0,1,0,rp07,-155.5,3
111,0,0,1,0,rp07,-132.5,8
112,0,0,0,1,rp07,-111.9,9
113,1,0,0,0,rp07,-89.4,10
114,0,0,1,0,rp07,-124.7,8
115,1,0,0,0,rp07,-143.8,5
116,0,0,1,0,rp07,-147.9,4
117,0,0,1,0,rp07,-169.0,2
118,0,1,0,0,rp07,-131.6,8
119,0,0,0,1,rp07,-151.0,4
120,1,0,0,0,rp07,-68.5,10
121,1,0,0,0,rp07,-89.1,10
122,0,0,1,0,rp07,-133.3,7
123,0,0,0,1,rp07,-145.4,5
124,0,0,1,0,rp07,-142.8,5
125,1,0,0,0,rp07,-136.2,6
126,0,1,0,0,rp07,-139.8,6
127,0,0,1,0,rp07,-141.5,6
128,0,0,1,0,rp07,-141.0,6
129,0,0,0,1,rp07,-135.1,7
130,1,0,0,0,rp07,-142.1,5
131,0,0,0,1,rp07,-155.3,3
132,0,0,0,1,rp07,-138.8,6
133,0,0,1,0,rp07,-123.7,8
134,0,0,1,0,rp07,-131.8,8
135,0,1,0,0,rp07,-142.8,5
136,0,0,1,0,rp07,-133.8,7
137,0,0,0,1,rp07,-127.3,8
138,1,0,0,0,rp07,-148.1,4
139,1,0,0,0,rp07,-141.5,6
140,0,0,1,0,rp07,-133.9,7
141,0,1,0,0,rp07,-140.5,6
142,0,1,0,0,rp07,-146.6,4
143,1,0,0,0,rp07,-146.4,4
144,1,0,0,0,rp07,-163.7,2
145,0,0,0,1,rp07,-143.7,5
146,1,0,0,0,rp07,-129.3,8
147,0,1,0,0,rp07,-139.1,6
148,0,1,0,0,rp07,-145.1,5
149,0,0,1,0,rp07,-133.2,7
150,0,1,0,0,rp07,-139.1,6
151,1,0,0,0,rp07,-88.6,10
152,0,0,1,0,rp07,-160.5,3
153,0,1,0,0,rp07,-142.4,5
154,1,0,0,0,rp07,-152.8,4
155,0,1,0,0,rp07,-124.0,8
156,1,0,0,0,rp07,-145.2,5
157,0,0,1,0,rp07,-148.5,4
158,0,1,0,0,rp07,-139.5,6
159,1,0,0,0,rp07,-131.7,8
160,0,1,0,0,rp07,-134.8,7
161,1,0,0,0,rp07,-138.6,6
162,1,0,0,0,rp07,-141.4,6
163,0,0,1,0,rp07,-129.7,8
164,0,1,0,0,rp07,-134.6,7
165,0,1,0,0,rp07,-142.4,5
166,0,1,0,0,rp07,-157.4,3
167,0,0,1,0,rp07,-141.4,6
168,0,1,0,0,rp07,-153.0,4
169,0,0,0,1,rp07,-143.6,5
170,0,0,0,1,rp07,-144.3,5
171,0,0,1,0,rp07,-148.2,4
172,0,1,0,0,rp07,-107.9,9
173,0,0,1,0,rp07,-152.0,4
174,1,0,0,0,rp07,-128.2,8
175,0,0,1,0,rp07,-131.9,8
176,1,0,0,0,rp07,-105.1,9
177,0,0,0,1,rp07,-107.7,9
178,0,0,0,1,rp07,-165.4,2
179,1,0,0,0,rp07,-110.7,9
180,0,1,0,0,rp07,-136.8,6
181,1,0,0,0,rp07,-143.0,5
182,0,0,1,0,rp07,-146.2,4
183,0,1,0,0,rp07,-172.2,1
184,0,0,1,0,rp07,-106.6,9
1,0,0,1,0,rp08,-72.4,10
2,0,0,1,0,rp08,-149.1,4
3,1,0,0,0,rp08,-146.7,4
4,0,0,0,1,rp08,-149.7,4
5,0,1,0,0,rp08,-129.1,8
6,1,0,0,0,rp08,-141.9,6
7,0,1,0,0,rp08,-141.8,6
8,0,0,1,0,rp08,-122.3,8
9,1,0,0,0,rp08,-131.1,8
10,0,0,1,0,rp08,61.5,9
11,0,0,1,0,rp08,-153.4,4
12,0,0,1,0,rp08,-170.0,1
13,0,0,1,0,rp08,-108.3,9
14,0,0,1,0,rp08,-130.9,8
15,1,0,0,0,rp08,-136.2,6
16,0,0,1,0,rp08,-152.3,4
17,1,0,0,0,rp08,-128.7,8
18,0,1,0,0,rp08,-167.1,2
19,0,1,0,0,rp08,-146.5,4
20,0,1,0,0,rp08,-146.7,4
21,0,1,0,0,rp08,-160.7,3
22,0,0,1,0,rp08,-116.9,9
23,0,0,1,0,rp08,-157.1,3
24,0,1,0,0,rp08,-153.5,4
25,1,0,0,0,rp08,-140.4,6
26,1,0,0,0,rp08,-58.9,10
27,0,1,0,0,rp08,-142.0,6
28,0,1,0,0,rp08,-153.4,4
29,0,0,0,1,rp08,-147.0,4
30,0,0,1,0,rp08,-144.7,5
31,0,0,1,0,rp08,-148.5,4
32,0,0,1,0,rp08,-152.6,4
33,1,0,0,0,rp08,-148.1,4
34,0,1,0,0,rp08,-146.8,4
35,0,0,1,0,rp08,-169.5,1
36,0,0,1,0,rp08,-111.3,9
37,1,0,0,0,rp08,-83.4,10
38,0,1,0,0,rp08,-141.0,6
39,1,0,0,0,rp08,-122.2,8
40,0,1,0,0,rp08,-144.7,5
41,0,1,0,0,rp08,-152.8,4
42,0,1,0,0,rp08,-141.3,6
43,1,0,0,0,rp08,-69.4,10
44,1,0,0,0,rp08,-151.3,4
45,0,0,1,0,rp08,-151.6,4
46,0,0,1,0,rp08,-140.0,6
47,0,0,0,1,rp08,-135.0,7
48,0,0,1,0,rp08,-150.6,4
49,0,1,0,0,rp08,-150.8,4
50,0,0,0,1,rp08,-140.7,6
51,0,1,0,0,rp08,-158.1,3
52,1,0,0,0,rp08,-143.0,5
53,0,1,0,0,rp08,-132.0,8
54,1,0,0,0,rp08,-135.8,7
55,0,1,0,0,rp08,-142.5,5
56,0,1,0,0,rp08,-143.3,5
57,0,0,1,0,rp08,-140.0,6
58,0,0,1,0,rp08,-144.4,5
59,1,0,0,0,rp08,-134.6,7
60,0,0,1,0,rp08,-156.3,3
61,1,0,0,0,rp08,-128.9,8
62,0,1,0,0,rp08,-160.8,3
63,0,0,1,0,rp08,-155.6,3
64,0,0,1,0,rp08,-149.0,4
65,0,0,0,1,rp08,-150.8,4
66,0,0,1,0,rp08,-142.1,5
67,0,0,1,0,rp08,-152.2,4
68,1,0,0,0,rp08,-137.6,6
69,0,0,0,1,rp08,-146.5,4
70,0,1,0,0,rp08,-149.6,4
71,0,1,0,0,rp08,-114.3,9
72,0,0,1,0,rp08,-137.0,6
73,0,0,1,0,rp08,-149.7,4
74,0,1,0,0,rp08,-153.2,4
75,0,1,0,0,rp08,-145.6,5
76,0,1,0,0,rp08,-148.4,4
77,0,0,1,0,rp08,-134.2,7
78,1,0,0,0,rp08,-141.9,6
79,0,0,1,0,rp08,-121.9,9
80,1,0,0,0,rp08,-130.6,8
81,0,0,1,0,rp08,-152.2,4
82,0,0,1,0,rp08,-140.5,6
83,0,0,1,0,rp08,-150.7,4
84,0,1,0,0,rp08,-146.9,4
85,1,0,0,0,rp08,-154.1,4
86,1,0,0,0,rp08,-141.1,6
87,0,1,0,0,rp08,-144.1,5
88,0,0,1,0,rp08,50.2,9
89,1,0,0,0,rp08,-137.9,6
90,1,0,0,0,rp08,-122.9,8
91,0,0,1,0,rp08,-142.9,5
92,0,0,0,1,rp08,-151.1,4
93,0,1,0,0,rp08,-149.8,4
94,0,1,0,0,rp08,-152.7,4
95,0,0,1,0,rp08,-155.9,3
1,0,0,1,0,rp09,-71.5,10
2,0,0,1,0,rp09,-151.2,4
3,1,0,0,0,rp09,-138.6,6
4,0,1,0,0,rp09,-150.9,4
5,1,0,0,0,rp09,-160.2,3
6,0,1,0,0,rp09,-149.1,4
7,0,0,0,1,rp09,-123.4,8
8,0,0,1,0,rp09,-91.7,10
9,1,0,0,0,rp09,-93.3,10
10,0,0,0,1,rp09,-104.1,10
11,0,0,1,0,rp09,-148.7,4
12,1,0,0,0,rp09,-105.3,9
13,0,0,0,1,rp09,-95.3,10
14,0,1,0,0,rp09,-92.1,10
15,0,0,1,0,rp09,-147.3,4
16,0,1,0,0,rp09,-150.3,4
17,0,0,1,0,rp09,-155.4,3
18,0,0,0,1,rp09,-166.0,2
19,0,0,1,0,rp09,-126.4,8
20,0,0,1,0,rp09,-161.8,3
21,1,0,0,0,rp09,-144.3,5
22,0,0,0,1,rp09,-112.9,9
23,1,0,0,0,rp09,-99.7,10
24,0,0,0,1,rp09,-101.6,10
25,0,0,1,0,rp09,-146.1,4
26,0,0,1,0,rp09,-137.6,6
27,0,1,0,0,rp09,-172.9,1
28,1,0,0,0,rp09,-143.3,5
29,0,1,0,0,rp09,-156.2,3
30,0,0,1,0,rp09,-153.1,4
31,0,1,0,0,rp09,-147.1,4
32,1,0,0,0,rp09,-148.3,4
33,0,0,0,1,rp09,-142.2,5
34,0,0,0,1,rp09,-137.5,6
35,0,0,1,0,rp09,-144.8,5
36,1,0,0,0,rp09,-140.6,6
37,1,0,0,0,rp09,-93.2,10
38,0,0,0,1,rp09,-148.4,4
39,0,0,0,1,rp09,-96.3,10
40,0,0,1,0,rp09,-62.3,10
41,0,0,0,1,rp09,-152.6,4
42,0,0,0,1,rp09,-144.8,5
43,0,0,1,0,rp09,-149.8,4
44,0,0,1,0,rp09,-131.4,8
45,1,0,0,0,rp09,-152.4,4
46,0,1,0,0,rp09,-151.1,4
47,1,0,0,0,rp09,-147.5,4
48,0,1,0,0,rp09,-145.8,5
49,0,1,0,0,rp09,-112.8,9
50,0,0,1,0,rp09,-124.8,8
51,0,0,0,1,rp09,-92.7,10
52,1,0,0,0,rp09,-171.9,1
53,1,0,0,0,rp09,-155.6,3
54,1,0,0,0,rp09,-160.9,3
55,0,0,0,1,rp09,-152.3,4
56,0,0,1,0,rp09,-144.8,5
57,0,0,0,1,rp09,-155.8,3
58,0,1,0,0,rp09,-147.3,4
59,0,1,0,0,rp09,-131.6,8
60,0,0,0,1,rp09,-157.4,3
61,1,0,0,0,rp09,-142.0,6
62,1,0,0,0,rp09,-145.9,5
63,0,1,0,0,rp09,-134.9,7
64,1,0,0,0,rp09,-138.2,6
65,0,1,0,0,rp09,-150.7,4
66,0,0,1,0,rp09,-152.6,4
67,0,0,0,1,rp09,-164.0,2
68,0,0,1,0,rp09,-152.7,4
69,0,0,0,1,rp09,-143.9,5
70,0,1,0,0,rp09,-142.5,5
1,0,0,0,1,rp10,-79.7,10
2,0,0,1,0,rp10,-144.4,5
3,0,1,0,0,rp10,-148.4,4
4,0,0,1,0,rp10,-138.8,6
5,1,0,0,0,rp10,-133.2,7
6,0,0,0,1,rp10,-71.7,10
7,0,0,1,0,rp10,-117.1,9
8,1,0,0,0,rp10,-126.2,8
9,0,0,1,0,rp10,-148.1,4
10,1,0,0,0,rp10,-148.9,4
11,1,0,0,0,rp10,-149.8,4
12,0,0,1,0,rp10,-146.2,4
13,1,0,0,0,rp10,-123.3,8
14,1,0,0,0,rp10,-114.3,9
15,0,0,1,0,rp10,-145.4,5
16,1,0,0,0,rp10,-84.4,10
17,0,0,1,0,rp10,-143.1,5
18,0,0,0,1,rp10,-146.0,5
19,1,0,0,0,rp10,-126.9,8
20,0,0,0,1,rp10,-149.4,4
21,0,0,0,1,rp10,-163.9,2
22,1,0,0,0,rp10,-136.2,6
23,1,0,0,0,rp10,-133.4,7
24,0,0,1,0,rp10,-136.2,6
25,0,0,1,0,rp10,-128.2,8
26,1,0,0,0,rp10,-108.1,9
27,0,0,0,1,rp10,-160.6,3
28,0,0,0,1,rp10,164.6,10
29,0,0,0,1,rp10,-136.4,6
30,1,0,0,0,rp10,-115.3,9
31,0,1,0,0,rp10,-134.4,7
32,0,0,0,1,rp10,-142.6,5
33,1,0,0,0,rp10,-142.7,5
34,0,0,0,1,rp10,-143.8,5
35,0,0,1,0,rp10,-138.4,6
36,1,0,0,0,rp10,-142.8,5
37,0,0,0,1,rp10,-138.3,6
38,0,0,0,1,rp10,-127.2,8
39,1,0,0,0,rp10,-112.6,9
40,0,0,1,0,rp10,-133.2,7
41,0,1,0,0,rp10,-140.7,6
42,0,0,1,0,rp10,-135.7,7
43,1,0,0,0,rp10,-90.1,10
44,0,1,0,0,rp10,-146.5,4
45,0,0,0,1,rp10,-144.7,5
46,0,1,0,0,rp10,-151.5,4
47,0,0,0,1,rp10,-136.6,6
48,1,0,0,0,rp10,-133.5,7
49,0,0,1,0,rp10,-94.0,10
50,0,0,1,0,rp10,-115.8,9
51,1,0,0,0,rp10,-171.4,1
52,0,0,0,1,rp10,170.0,10
53,1,0,0,0,rp10,-147.2,4
54,0,0,1,0,rp10,-139.7,6
55,0,0,0,1,rp10,-136.3,6
56,0,0,1,0,rp10,-120.1,9
57,1,0,0,0,rp10,-131.4,8
58,1,0,0,0,rp10,-131.4,8
59,1,0,0,0,rp10,-143.3,5
60,0,0,1,0,rp10,-101.2,10
61,0,1,0,0,rp10,-142.0,6
62,0,0,0,1,rp10,-141.3,6
63,1,0,0,0,rp10,-151.5,4
64,0,0,1,0,rp10,-129.1,8
65,1,0,0,0,rp10,-149.0,4
66,0,0,1,0,rp10,-161.7,3
67,0,0,1,0,rp10,-98.4,10
68,1,0,0,0,rp10,-123.4,8
69,0,0,0,1,rp10,-119.4,9
70,1,0,0,0,rp10,-123.4,8
71,0,0,1,0,rp10,-153.9,4
72,0,0,0,1,rp10,-92.6,10
73,1,0,0,0,rp10,-125.8,8
74,1,0,0,0,rp10,-137.2,6
75,0,1,0,0,rp10,-148.9,4
76,0,1,0,0,rp10,-125.6,8
77,0,0,0,1,rp10,-152.9,4
78,0,0,0,1,rp10,-135.4,7
79,1,0,0,0,rp10,-159.9,3
80,1,0,0,0,rp10,-126.9,8
81,0,0,1,0,rp10,-138.7,6
82,1,0,0,0,rp10,-107.1,9
83,1,0,0,0,rp10,-121.7,9
84,0,0,1,0,rp10,-130.3,8
85,0,0,1,0,rp10,-151.7,4
86,0,1,0,0,rp10,-136.6,6
87,1,0,0,0,rp10,-134.5,7
88,0,1,0,0,rp10,-137.6,6
89,0,0,0,1,rp10,-157.9,3
90,0,0,0,1,rp10,-125.6,8
91,0,1,0,0,rp10,-129.7,8
92,0,0,1,0,rp10,-87.7,10
93,1,0,0,0,rp10,-78.5,10
94,0,0,1,0,rp10,-142.3,5
95,0,1,0,0,rp10,-154.0,4
97,1,0,0,0,rp10,-69.7,10
98,0,0,1,0,rp10,-100.9,10
99,0,0,0,1,rp10,-137.0,6
100,1,0,0,0,rp10,-115.1,9
101,0,0,1,0,rp10,-135.5,7
102,0,0,0,1,rp10,-142.1,5
103,0,0,0,1,rp10,-154.2,4
104,0,1,0,0,rp10,-152.8,4
105,1,0,0,0,rp10,-126.6,8
106,0,0,1,0,rp10,-102.5,10
107,0,0,0,1,rp10,-177.6,1
108,0,0,1,0,rp10,-106.8,9
109,0,0,1,0,rp10,-77.0,10
110,0,0,0,1,rp10,11.1,9
111,1,0,0,0,rp10,-105.7,9
112,0,0,1,0,rp10,-145.3,5
113,1,0,0,0,rp10,-149.0,4
114,1,0,0,0,rp10,-131.9,8
115,0,1,0,0,rp10,-139.2,6
116,1,0,0,0,rp10,-147.1,4
117,0,1,0,0,rp10,-148.6,4
118,0,1,0,0,rp10,-147.1,4
119,1,0,0,0,rp10,-151.9,4
120,0,1,0,0,rp10,-146.1,4
121,0,1,0,0,rp10,-134.3,7
122,0,0,0,1,rp10,-78.3,10
123,0,0,0,1,rp10,-36.2,9
124,0,0,1,0,rp10,-147.2,4
125,0,1,0,0,rp10,-151.5,4
126,0,1,0,0,rp10,-136.0,7
127,1,0,0,0,rp10,-140.1,6
128,1,0,0,0,rp10,-127.8,8
129,0,0,1,0,rp10,-139.6,6
130,0,0,1,0,rp10,-162.9,2
131,0,0,0,1,rp10,-126.9,8
132,0,0,1,0,rp10,-133.7,7
133,0,0,1,0,rp10,-166.2,2
134,0,0,1,0,rp10,-163.1,2
135,0,0,1,0,rp10,-155.2,3
136,0,0,1,0,rp10,-116.7,9
137,0,0,0,1,rp10,-153.0,4
138,0,1,0,0,rp10,-148.6,4
139,0,0,1,0,rp10,-145.8,5
140,0,1,0,0,rp10,-145.3,5
141,0,0,1,0,rp10,-171.1,1
142,0,0,1,0,rp10,-126.2,8
143,0,0,1,0,rp10,-143.5,5
144,0,0,0,1,rp10,-119.2,9
145,0,0,0,1,rp10,-137.6,6
146,0,1,0,0,rp10,-141.7,6
147,0,0,1,0,rp10,-135.3,7
148,1,0,0,0,rp10,-84.4,10
149,1,0,0,0,rp10,-131.8,8
150,0,0,0,1,rp10,-97.8,10
151,0,1,0,0,rp10,-148.2,4
152,0,1,0,0,rp10,-143.5,5
153,0,1,0,0,rp10,-150.7,4
154,0,0,1,0,rp10,-141.5,6
155,0,0,0,1,rp10,-152.2,4
156,0,1,0,0,rp10,-149.8,4
1,0,0,1,0,rp11,-76.7,10
2,0,0,1,0,rp11,-152.2,4
3,0,0,1,0,rp11,-153.0,4
4,1,0,0,0,rp11,-150.5,4
5,0,0,0,1,rp11,-151.1,4
6,0,1,0,0,rp11,-151.5,4
7,0,0,0,1,rp11,-155.4,3
8,0,0,1,0,rp11,-151.9,4
9,0,0,0,1,rp11,-145.3,5
10,0,1,0,0,rp11,-141.7,6
11,1,0,0,0,rp11,-134.6,7
12,0,1,0,0,rp11,-147.4,4
13,0,1,0,0,rp11,-117.5,9
14,0,1,0,0,rp11,-138.8,6
15,0,1,0,0,rp11,-148.1,4
16,1,0,0,0,rp11,-145.5,5
17,0,0,0,1,rp11,-106.6,9
18,0,0,0,1,rp11,-94.1,10
19,0,0,1,0,rp11,-123.4,8
20,1,0,0,0,rp11,-141.3,6
21,0,0,0,1,rp11,-147.2,4
22,0,1,0,0,rp11,-146.0,5
23,0,0,1,0,rp11,-127.7,8
24,0,1,0,0,rp11,-134.9,7
25,0,1,0,0,rp11,-149.1,4
26,0,0,0,1,rp11,-154.6,4
27,0,0,0,1,rp11,-108.8,9
28,0,1,0,0,rp11,-120.4,9
29,0,0,1,0,rp11,-127.7,8
30,0,0,1,0,rp11,-141.2,6
31,0,0,1,0,rp11,-149.1,4
32,0,1,0,0,rp11,-145.9,5
33,0,0,0,1,rp11,-149.4,4
34,0,0,1,0,rp11,-134.6,7
35,1,0,0,0,rp11,-136.4,6
36,0,0,0,1,rp11,-137.3,6
37,0,1,0,0,rp11,-145.5,5
38,0,0,0,1,rp11,-137.3,6
39,0,0,1,0,rp11,-146.2,4
40,0,0,1,0,rp11,-134.6,7
41,0,1,0,0,rp11,-108.6,9
42,0,0,0,1,rp11,-120.5,9
43,0,0,1,0,rp11,-134.1,7
44,0,0,1,0,rp11,-135.0,7
45,0,1,0,0,rp11,-108.7,9
46,0,0,0,1,rp11,-116.6,9
47,1,0,0,0,rp11,-154.7,4
48,0,0,1,0,rp11,-153.1,4
49,0,0,1,0,rp11,-148.1,4
50,0,1,0,0,rp11,-153.6,4
51,0,0,1,0,rp11,-147.5,4
52,0,0,1,0,rp11,-150.5,4
53,0,0,1,0,rp11,-150.2,4
54,0,0,0,1,rp11,-148.5,4
55,0,1,0,0,rp11,-148.9,4
56,0,1,0,0,rp11,-142.9,5
1,0,0,1,0,rp12,-64.0,10
2,1,0,0,0,rp12,-136.4,6
3,0,0,0,1,rp12,-129.7,8
4,0,1,0,0,rp12,-163.9,2
5,0,0,1,0,rp12,-132.7,8
6,0,1,0,0,rp12,-159.1,3
7,0,0,0,1,rp12,-131.6,8
8,0,0,1,0,rp12,-126.5,8
9,1,0,0,0,rp12,-155.0,4
10,1,0,0,0,rp12,-132.6,8
11,0,1,0,0,rp12,-160.7,3
12,0,1,0,0,rp12,-146.7,4
13,0,1,0,0,rp12,-128.6,8
14,0,0,1,0,rp12,-105.9,9
16,1,0,0,0,rp12,-56.6,10
17,0,0,1,0,rp12,73.2,9
18,0,0,1,0,rp12,-113.3,9
19,0,0,1,0,rp12,-137.1,6
20,0,0,1,0,rp12,-127.8,8
21,0,1,0,0,rp12,-143.5,5
22,0,0,1,0,rp12,-152.2,4
23,0,0,1,0,rp12,-138.6,6
24,0,0,1,0,rp12,-144.0,5
25,0,0,1,0,rp12,-134.0,7
26,0,0,1,0,rp12,-146.3,4
27,1,0,0,0,rp12,-131.8,8
28,0,1,0,0,rp12,-120.5,9
29,0,1,0,0,rp12,-126.0,8
30,0,1,0,0,rp12,-152.9,4
31,1,0,0,0,rp12,-136.0,7
33,0,0,1,0,rp12,-66.5,10
34,0,0,1,0,rp12,-134.4,7
35,0,0,1,0,rp12,-127.5,8
36,0,0,1,0,rp12,-155.9,3
37,0,1,0,0,rp12,-135.2,7
38,0,0,1,0,rp12,-144.7,5
39,1,0,0,0,rp12,-141.8,6
40,1,0,0,0,rp12,-110.7,9
41,0,0,0,1,rp12,-109.3,9
42,0,1,0,0,rp12,-152.7,4
43,0,0,0,1,rp12,-170.9,1
44,0,1,0,0,rp12,-147.7,4
45,0,0,0,1,rp12,-152.9,4
46,0,0,0,1,rp12,-145.4,5
47,0,1,0,0,rp12,-139.5,6
48,0,1,0,0,rp12,-159.5,3
49,0,0,1,0,rp12,-96.1,10
50,1,0,0,0,rp12,177.7,10
51,1,0,0,0,rp12,-163.6,2
52,1,0,0,0,rp12,-158.8,3
53,0,0,1,0,rp12,-141.3,6
54,0,0,1,0,rp12,-145.2,5
55,1,0,0,0,rp12,-161.2,3
56,1,0,0,0,rp12,-135.1,7
57,0,0,1,0,rp12,-144.5,5
58,1,0,0,0,rp12,-164.8,2
59,0,0,1,0,rp12,-131.0,8
60,0,0,0,1,rp12,-167.4,2
61,1,0,0,0,rp12,-134.9,7
62,0,0,1,0,rp12,-137.4,6
63,0,0,1,0,rp12,-140.0,6
64,0,0,1,0,rp12,-151.5,4
65,0,0,0,1,rp12,-144.1,5
66,0,0,0,1,rp12,-107.9,9
67,1,0,0,0,rp12,-131.6,8
68,0,1,0,0,rp12,-165.6,2
69,0,0,0,1,rp12,-161.0,3
70,0,1,0,0,rp12,-163.2,2
71,0,1,0,0,rp12,-147.2,4
72,0,0,0,1,rp12,-131.9,8
73,0,0,0,1,rp12,-157.9,3
74,0,1,0,0,rp12,-141.9,6
75,0,0,1,0,rp12,-110.4,9
76,1,0,0,0,rp12,-138.0,6
77,0,1,0,0,rp12,-144.3,5
78,0,1,0,0,rp12,-129.4,8
79,0,1,0,0,rp12,-138.8,6
80,0,0,1,0,rp12,-99.0,10
81,1,0,0,0,rp12,-137.4,6
82,0,0,1,0,rp12,-135.7,7
83,0,1,0,0,rp12,-154.9,4
84,0,1,0,0,rp12,-161.1,3
85,0,1,0,0,rp12,-135.5,7
86,0,0,1,0,rp12,-102.3,10
87,0,0,0,1,rp12,-112.3,9
88,0,1,0,0,rp12,-141.5,6
89,1,0,0,0,rp12,-94.6,10
90,0,0,1,0,rp12,-128.7,8
91,0,1,0,0,rp12,-121.5,9
92,0,0,0,1,rp12,-137.6,6
93,1,0,0,0,rp12,-163.6,2
94,1,0,0,0,rp12,-139.3,6
95,0,1,0,0,rp12,-149.2,4
96,0,1,0,0,rp12,-147.0,4
97,0,0,0,1,rp12,-171.8,1
98,0,1,0,0,rp12,-117.8,9
99,0,0,1,0,rp12,-143.8,5
100,0,1,0,0,rp12,-102.2,10
101,1,0,0,0,rp12,-127.2,8
102,1,0,0,0,rp12,-147.1,4
103,0,0,1,0,rp12,177.9,10
104,0,1,0,0,rp12,-151.5,4
105,0,0,1,0,rp12,-105.2,9
106,0,0,0,1,rp12,-142.0,6
107,0,1,0,0,rp12,-125.1,8
108,0,1,0,0,rp12,-86.1,10
109,0,0,1,0,rp12,-151.3,4
110,1,0,0,0,rp12,-156.0,3
111,1,0,0,0,rp12,-140.5,6
112,0,0,1,0,rp12,-154.7,4
113,0,0,1,0,rp12,-142.3,5
114,1,0,0,0,rp12,-167.9,2
115,0,0,1,0,rp12,-120.5,9
116,1,0,0,0,rp12,-137.4,6
1,0,0,1,0,rp13,-67.8,10
2,0,0,1,0,rp13,-148.8,4
3,0,0,1,0,rp13,-144.1,5
4,0,0,0,1,rp13,-145.2,5
5,0,1,0,0,rp13,-166.2,2
6,0,0,1,0,rp13,-133.2,7
7,0,0,0,1,rp13,-152.9,4
8,0,0,1,0,rp13,-148.0,4
9,1,0,0,0,rp13,-128.6,8
10,0,1,0,0,rp13,-155.1,3
11,0,0,0,1,rp13,-164.4,2
12,0,0,1,0,rp13,-154.2,4
13,0,0,1,0,rp13,-159.3,3
14,0,1,0,0,rp13,-148.0,4
15,0,0,1,0,rp13,-140.7,6
16,1,0,0,0,rp13,-148.4,4
17,1,0,0,0,rp13,-164.5,2
18,0,1,0,0,rp13,-119.7,9
19,1,0,0,0,rp13,-78.2,10
20,0,0,1,0,rp13,-156.7,3
21,0,0,1,0,rp13,-155.1,3
22,0,0,0,1,rp13,-146.1,4
23,0,0,1,0,rp13,-165.1,2
24,0,0,1,0,rp13,-121.8,9
25,0,0,1,0,rp13,-111.4,9
26,1,0,0,0,rp13,-84.2,10
27,1,0,0,0,rp13,-147.3,4
28,1,0,0,0,rp13,-115.2,9
29,0,1,0,0,rp13,-146.5,4
30,0,1,0,0,rp13,-149.8,4
31,1,0,0,0,rp13,-144.4,5
32,0,1,0,0,rp13,-146.4,4
33,0,1,0,0,rp13,-151.4,4
34,0,0,1,0,rp13,-141.2,6
35,0,0,1,0,rp13,-166.4,2
36,0,0,1,0,rp13,-141.7,6
37,0,0,1,0,rp13,-143.3,5
38,1,0,0,0,rp13,-140.8,6
39,0,0,1,0,rp13,-144.0,5
40,0,1,0,0,rp13,-143.5,5
41,0,0,1,0,rp13,-155.4,3
42,1,0,0,0,rp13,-143.1,5
43,0,1,0,0,rp13,-149.8,4
44,0,1,0,0,rp13,-148.8,4
46,0,0,1,0,rp13,-77.2,10
47,0,1,0,0,rp13,-152.4,4
48,0,1,0,0,rp13,-154.8,4
49,0,0,1,0,rp13,-105.3,9
50,0,1,0,0,rp13,-146.3,4
51,0,1,0,0,rp13,-146.8,4
52,0,1,0,0,rp13,-151.0,4
53,0,0,1,0,rp13,-146.1,4
54,0,1,0,0,rp13,-149.7,4
55,0,1,0,0,rp13,-142.0,6
56,0,0,0,1,rp13,-150.3,4
57,0,0,1,0,rp13,-158.7,3
58,0,0,1,0,rp13,-153.6,4
59,0,0,1,0,rp13,-147.4,4
1,0,1,0,0,rp14_bound,-72.7,10
2,0,0,1,0,rp14_bound,-149.4,4
3,0,0,0,1,rp14_bound,-136.2,6
4,0,0,0,1,rp14_bound,-162.5,2
5,0,0,1,0,rp14_bound,-140.2,6
6,1,0,0,0,rp14_bound,-136.7,6
7,0,1,0,0,rp14_bound,-145.0,5
8,0,1,0,0,rp14_bound,-154.4,4
9,0,1,0,0,rp14_bound,-151.5,4
10,1,0,0,0,rp14_bound,-147.7,4
11,0,0,1,0,rp14_bound,-149.6,4
12,0,0,1,0,rp14_bound,-137.3,6
13,1,0,0,0,rp14_bound,-132.2,8
14,1,0,0,0,rp14_bound,-154.5,4
15,1,0,0,0,rp14_bound,-117.6,9
16,0,1,0,0,rp14_bound,-146.4,4
17,0,0,0,1,rp14_bound,-137.5,6
18,0,0,1,0,rp14_bound,-156.4,3
19,0,0,1,0,rp14_bound,-128.0,8
20,0,0,1,0,rp14_bound,-154.0,4
21,0,1,0,0,rp14_bound,-64.6,10
22,0,0,1,0,rp14_bound,-117.7,9
23,0,0,1,0,rp14_bound,-131.4,8
24,1,0,0,0,rp14_bound,-148.9,4
25,1,0,0,0,rp14_bound,-100.0,10
26,0,0,1,0,rp14_bound,-165.1,2
27,0,0,0,1,rp14_bound,-136.3,6
28,1,0,0,0,rp14_bound,-147.5,4
29,1,0,0,0,rp14_bound,-145.5,5
30,0,0,1,0,rp14_bound,-156.4,3
31,0,0,1,0,rp14_bound,-145.8,5
32,0,0,0,1,rp14_bound,-161.1,3
33,0,1,0,0,rp14_bound,-153.5,4
34,0,1,0,0,rp14_bound,-147.9,4
35,1,0,0,0,rp14_bound,-143.3,5
36,0,0,0,1,rp14_bound,-155.0,4
37,0,0,0,1,rp14_bound,-86.2,10
38,0,0,1,0,rp14_bound,-142.6,5
39,0,1,0,0,rp14_bound,-127.7,8
40,1,0,0,0,rp14_bound,-155.2,3
41,0,1,0,0,rp14_bound,-140.2,6
42,0,0,0,1,rp14_bound,-161.2,3
43,0,1,0,0,rp14_bound,-138.3,6
44,0,1,0,0,rp14_bound,-167.5,2
45,0,0,1,0,rp14_bound,-140.0,6
46,0,0,1,0,rp14_bound,-151.0,4
47,0,0,1,0,rp14_bound,-142.2,5
48,0,1,0,0,rp14_bound,-146.4,4
49,0,1,0,0,rp14_bound,-148.1,4
50,0,0,0,1,rp14_bound,-153.2,4
51,0,0,1,0,rp14_bound,-140.3,6
52,1,0,0,0,rp14_bound,-146.1,4
53,1,0,0,0,rp14_bound,-145.7,5
54,0,0,1,0,rp14_bound,-161.1,3
55,0,1,0,0,rp14_bound,-158.4,3
56,1,0,0,0,rp14_bound,-147.5,4
57,1,0,0,0,rp14_bound,-150.9,4
58,0,1,0,0,rp14_bound,-154.5,4
59,0,0,1,0,rp14_bound,-147.1,4
60,0,1,0,0,rp14_bound,-144.4,5
1,0,1,0,0,rp14_free,-89.2,10
2,0,0,1,0,rp14_free,-130.0,8
3,0,0,0,1,rp14_free,-140.8,6
4,0,0,0,1,rp14_free,-161.1,3
5,0,0,1,0,rp14_free,-95.7,10
6,0,0,1,0,rp14_free,-88.7,10
7,0,1,0,0,rp14_free,-159.7,3
8,0,1,0,0,rp14_free,-160.0,3
9,0,1,0,0,rp14_free,-138.0,6
10,1,0,0,0,rp14_free,-128.9,8
11,0,0,1,0,rp14_free,-142.5,5
12,0,0,1,0,rp14_free,-141.8,6
13,1,0,0,0,rp14_free,-139.0,6
14,1,0,0,0,rp14_free,-116.2,9
15,1,0,0,0,rp14_free,-103.0,10
16,0,1,0,0,rp14_free,-152.4,4
17,0,0,0,1,rp14_free,-142.3,5
18,0,0,1,0,rp14_free,-142.3,5
19,0,0,1,0,rp14_free,-144.1,5
20,0,0,1,0,rp14_free,-147.0,4
22,1,0,0,0,rp14_free,-153.4,4
23,0,0,1,0,rp14_free,175.4,10
24,0,0,0,1,rp14_free,97.1,9
25,1,0,0,0,rp14_free,-135.7,7
26,1,0,0,0,rp14_free,-147.1,4
27,0,0,1,0,rp14_free,-148.1,4
28,0,0,1,0,rp14_free,-150.3,4
29,0,0,0,1,rp14_free,-150.9,4
30,0,1,0,0,rp14_free,179.1,10
31,0,1,0,0,rp14_free,-142.5,5
32,1,0,0,0,rp14_free,-128.7,8
33,0,0,0,1,rp14_free,-130.1,8
34,0,0,0,1,rp14_free,-73.8,10
35,0,0,1,0,rp14_free,-115.1,9
36,0,1,0,0,rp14_free,-164.6,2
37,1,0,0,0,rp14_free,-130.3,8
38,0,1,0,0,rp14_free,-109.7,9
39,0,0,0,1,rp14_free,-151.0,4
40,0,1,0,0,rp14_free,-126.4,8
41,0,1,0,0,rp14_free,-151.5,4
42,0,0,1,0,rp14_free,-144.8,5
43,0,0,1,0,rp14_free,-150.2,4
44,0,0,1,0,rp14_free,-132.4,8
45,0,1,0,0,rp14_free,-165.4,2
46,0,1,0,0,rp14_free,157.3,9
47,0,0,0,1,rp14_free,-121.4,9
48,0,0,1,0,rp14_free,-157.2,3
49,1,0,0,0,rp14_free,-108.7,9
50,1,0,0,0,rp14_free,-147.9,4
51,0,0,1,0,rp14_free,-106.9,9
52,0,1,0,0,rp14_free,-139.4,6
53,1,0,0,0,rp14_free,-148.2,4
54,1,0,0,0,rp14_free,-138.4,6
55,0,1,0,0,rp14_free,-143.8,5
56,0,0,1,0,rp14_free,-160.8,3
57,0,1,0,0,rp14_free,-148.8,4
1,0,0,1,0,rp15,-70.5,10
2,0,0,1,0,rp15,-151.6,4
3,0,0,1,0,rp15,-152.9,4
4,0,0,0,1,rp15,-147.9,4
5,1,0,0,0,rp15,-142.0,6
6,0,1,0,0,rp15,-147.9,4
7,0,0,0,1,rp15,-142.2,5
8,0,0,0,1,rp15,-142.9,5
9,1,0,0,0,rp15,-86.9,10
10,1,0,0,0,rp15,-73.9,10
11,0,0,1,0,rp15,-147.1,4
12,0,1,0,0,rp15,-148.2,4
13,0,1,0,0,rp15,-154.7,4
14,0,1,0,0,rp15,-144.2,5
15,1,0,0,0,rp15,-139.4,6
16,0,1,0,0,rp15,-78.1,10
17,0,0,0,1,rp15,-142.5,5
18,0,0,1,0,rp15,-130.4,8
19,1,0,0,0,rp15,-126.3,8
20,0,0,0,1,rp15,-99.3,10
21,0,0,1,0,rp15,-108.1,9
22,1,0,0,0,rp15,-128.5,8
23,0,0,1,0,rp15,-132.8,8
24,0,0,0,1,rp15,-143.5,5
25,0,1,0,0,rp15,-144.5,5
26,0,0,1,0,rp15,-147.6,4
27,0,1,0,0,rp15,-145.3,5
28,0,0,0,1,rp15,-123.6,8
29,0,0,1,0,rp15,-136.5,6
30,0,0,1,0,rp15,-140.2,6
31,0,0,1,0,rp15,-125.4,8
32,1,0,0,0,rp15,-132.5,8
33,0,0,0,1,rp15,-115.3,9
34,0,0,1,0,rp15,-141.8,6
35,0,1,0,0,rp15,-144.0,5
36,0,0,1,0,rp15,-150.5,4
37,1,0,0,0,rp15,-149.8,4
38,0,1,0,0,rp15,-114.8,9
39,0,0,1,0,rp15,-145.1,5
40,1,0,0,0,rp15,-134.3,7
41,1,0,0,0,rp15,-135.6,7
42,1,0,0,0,rp15,-144.6,5
43,0,1,0,0,rp15,-145.2,5
44,0,0,1,0,rp15,-150.4,4
45,0,1,0,0,rp15,-145.3,5
46,0,1,0,0,rp15,-150.4,4
47,0,1,0,0,rp15,-124.3,8
49,0,0,1,0,rp15,-72.0,10
50,0,0,1,0,rp15,-147.1,4
51,0,0,1,0,rp15,-151.9,4
52,0,1,0,0,rp15,-154.1,4
53,0,0,1,0,rp15,-148.7,4
54,0,0,0,1,rp15,-128.8,8
55,0,1,0,0,rp15,175.5,10
56,0,0,0,1,rp15,-153.4,4
57,0,0,1,0,rp15,-148.1,4
58,0,0,1,0,rp15,-152.7,4
59,0,0,1,0,rp15,-146.8,4
60,0,1,0,0,rp15,-100.9,10
61,1,0,0,0,rp15,-116.0,9
62,0,0,1,0,rp15,-145.7,5
63,0,0,0,1,rp15,-147.6,4
64,1,0,0,0,rp15,-145.4,5
65,0,1,0,0,rp15,-151.5,4
66,0,1,0,0,rp15,-156.2,3
67,0,1,0,0,rp15,-143.1,5
1,0,0,0,1,rp16,140.6,9
2,0,0,1,0,rp16,-133.6,7
3,0,1,0,0,rp16,-143.6,5
4,0,0,0,1,rp16,-153.2,4
5,0,1,0,0,rp16,-154.0,4
6,0,1,0,0,rp16,-135.5,7
7,0,0,0,1,rp16,-151.1,4
8,1,0,0,0,rp16,-99.2,10
9,0,0,1,0,rp16,-165.4,2
10,0,0,0,1,rp16,-142.8,5
11,1,0,0,0,rp16,-145.9,5
12,0,1,0,0,rp16,-148.1,4
13,0,0,1,0,rp16,-134.8,7
14,1,0,0,0,rp16,-122.7,8
15,0,0,1,0,rp16,-156.2,3
16,1,0,0,0,rp16,-139.6,6
17,0,0,1,0,rp16,-136.3,6
18,0,0,1,0,rp16,-158.3,3
19,1,0,0,0,rp16,-126.3,8
20,1,0,0,0,rp16,-155.0,4
21,0,1,0,0,rp16,-133.9,7
22,0,0,1,0,rp16,-165.2,2
23,0,0,1,0,rp16,-127.3,8
24,1,0,0,0,rp16,-155.7,3
25,0,0,1,0,rp16,-142.8,5
26,0,0,0,1,rp16,-155.6,3
1,0,1,0,0,rp17,-85.2,10
2,0,0,1,0,rp17,-142.2,5
3,0,0,0,1,rp17,-139.2,6
4,0,0,1,0,rp17,-154.3,4
5,0,0,1,0,rp17,-148.1,4
6,0,0,0,1,rp17,-161.1,3
7,0,0,0,1,rp17,-159.0,3
8,1,0,0,0,rp17,-145.5,5
9,0,0,1,0,rp17,-134.4,7
10,0,0,1,0,rp17,-138.0,6
11,0,0,1,0,rp17,-146.1,4
12,0,1,0,0,rp17,-162.5,2
13,0,1,0,0,rp17,-122.6,8
14,1,0,0,0,rp17,-138.9,6
15,0,1,0,0,rp17,-140.1,6
16,0,0,1,0,rp17,-90.6,10
17,0,0,0,1,rp17,-56.9,10
18,0,0,0,1,rp17,-149.6,4
19,1,0,0,0,rp17,-67.4,10
20,1,0,0,0,rp17,-126.4,8
21,1,0,0,0,rp17,-149.9,4
22,0,0,0,1,rp17,-99.1,10
23,1,0,0,0,rp17,-137.6,6
24,0,0,1,0,rp17,-150.0,4
25,0,0,0,1,rp17,-147.7,4
26,0,0,0,1,rp17,-149.1,4
27,0,0,1,0,rp17,-153.6,4
28,0,1,0,0,rp17,-145.7,5
29,0,0,0,1,rp17,-156.1,3
30,0,0,0,1,rp17,-112.2,9
31,1,0,0,0,rp17,-142.4,5
32,1,0,0,0,rp17,-126.9,8
33,0,0,1,0,rp17,-175.8,1
34,0,1,0,0,rp17,-159.6,3
35,0,1,0,0,rp17,-149.6,4
36,0,1,0,0,rp17,-124.6,8
37,0,0,0,1,rp17,-150.2,4
38,1,0,0,0,rp17,-162.1,2
39,1,0,0,0,rp17,-141.2,6
40,0,0,1,0,rp17,-83.9,10
41,0,1,0,0,rp17,-150.3,4
42,0,0,1,0,rp17,-142.3,5
43,0,0,0,1,rp17,-132.2,8
44,0,0,0,1,rp17,-134.2,7
45,0,0,1,0,rp17,-147.8,4
46,1,0,0,0,rp17,-142.3,5
48,1,0,0,0,rp17,4.1,9
49,0,0,0,1,rp17,-146.7,4
50,0,1,0,0,rp17,-139.4,6
51,1,0,0,0,rp17,-146.5,4
52,0,0,1,0,rp17,157.9,9
53,0,0,1,0,rp17,180.0,Na
54,0,0,0,1,rp17,-148.0,4
55,0,0,1,0,rp17,-143.6,5
56,0,1,0,0,rp17,-151.3,4
57,1,0,0,0,rp17,-126.8,8
1,0,0,1,0,rp18,-91.5,10
2,0,0,1,0,rp18,-110.7,9
3,0,0,1,0,rp18,-128.0,8
4,0,0,0,1,rp18,-91.0,10
5,0,1,0,0,rp18,-153.5,4
6,1,0,0,0,rp18,-148.3,4
7,0,0,1,0,rp18,-148.9,4
8,0,0,1,0,rp18,-164.2,2
9,0,1,0,0,rp18,-152.8,4
10,0,1,0,0,rp18,-142.9,5
11,0,0,1,0,rp18,-164.3,2
12,0,0,1,0,rp18,-145.1,5
13,0,1,0,0,rp18,-141.7,6
14,0,0,1,0,rp18,-135.7,7
15,1,0,0,0,rp18,-117.6,9
16,1,0,0,0,rp18,-138.8,6
17,1,0,0,0,rp18,-150.7,4
18,0,0,1,0,rp18,-142.2,5
19,0,0,0,1,rp18,-147.9,4
20,0,1,0,0,rp18,-137.0,6
21,0,0,1,0,rp18,-119.9,9
22,0,1,0,0,rp18,-136.7,6
23,0,1,0,0,rp18,-152.5,4
24,1,0,0,0,rp18,-152.6,4
25,0,1,0,0,rp18,-153.5,4
26,1,0,0,0,rp18,-156.4,3
27,0,0,1,0,rp18,-133.4,7
28,0,0,0,1,rp18,-156.5,3
29,0,0,0,1,rp18,-114.5,9
30,0,0,0,1,rp18,-136.8,6
31,0,0,1,0,rp18,-133.8,7
32,0,0,1,0,rp18,-151.2,4
33,0,0,1,0,rp18,-152.1,4
34,0,0,1,0,rp18,-139.6,6
35,1,0,0,0,rp18,-148.3,4
36,1,0,0,0,rp18,-79.3,10
37,1,0,0,0,rp18,-117.2,9
38,0,0,1,0,rp18,-136.9,6
39,0,1,0,0,rp18,-152.9,4
40,0,0,0,1,rp18,-152.3,4
41,0,0,1,0,rp18,-141.3,6
42,0,0,0,1,rp18,-137.9,6
43,0,0,1,0,rp18,-153.7,4
44,0,1,0,0,rp18,-149.3,4
45,1,0,0,0,rp18,-168.3,2
46,0,0,1,0,rp18,-169.8,1
47,0,1,0,0,rp18,-141.1,6
48,0,1,0,0,rp18,-149.1,4
49,0,0,0,1,rp18,-157.1,3
50,0,0,1,0,rp18,-122.1,8
51,0,0,0,1,rp18,-149.3,4
52,1,0,0,0,rp18,-118.7,9
53,1,0,0,0,rp18,-130.7,8
54,0,1,0,0,rp18,-142.2,5
55,0,1,0,0,rp18,-153.6,4
56,0,1,0,0,rp18,-148.5,4
57,0,1,0,0,rp18,-141.0,6
58,0,1,0,0,rp18,-142.1,5
59,0,1,0,0,rp18,-144.4,5
60,0,1,0,0,rp18,-148.3,4
61,1,0,0,0,rp18,-135.6,7
62,0,1,0,0,rp18,-153.0,4
63,0,0,1,0,rp18,-144.1,5
64,1,0,0,0,rp18,-126.8,8
65,1,0,0,0,rp18,-153.8,4
66,1,0,0,0,rp18,-130.7,8
67,0,0,1,0,rp18,-149.3,4
68,0,0,0,1,rp18,-148.5,4
69,0,0,1,0,rp18,-149.5,4
70,0,0,1,0,rp18,-153.1,4
1,0,0,1,0,rp19,-80.1,10
2,0,1,0,0,rp19,-155.4,3
3,1,0,0,0,rp19,-135.9,7
4,0,0,1,0,rp19,-155.3,3
5,0,0,1,0,rp19,-139.2,6
6,0,0,1,0,rp19,-136.8,6
7,0,1,0,0,rp19,-144.1,5
8,1,0,0,0,rp19,-112.0,9
9,1,0,0,0,rp19,-131.0,8
10,0,0,1,0,rp19,-152.6,4
11,0,0,1,0,rp19,-140.0,6
12,0,1,0,0,rp19,-142.5,5
13,0,1,0,0,rp19,-146.5,4
14,0,1,0,0,rp19,-148.9,4
15,1,0,0,0,rp19,-167.1,2
16,0,0,1,0,rp19,-148.1,4
17,0,0,0,1,rp19,-160.2,3
18,0,1,0,0,rp19,-153.7,4
19,0,1,0,0,rp19,-150.0,4
20,0,1,0,0,rp19,-142.7,5
21,0,0,1,0,rp19,-153.8,4
22,0,0,0,1,rp19,-124.1,8
23,0,0,1,0,rp19,-152.2,4
24,0,1,0,0,rp19,-128.6,8
25,1,0,0,0,rp19,-137.7,6
26,1,0,0,0,rp19,-159.0,3
27,0,0,1,0,rp19,-124.3,8
28,0,1,0,0,rp19,-85.6,10
29,0,1,0,0,rp19,-153.6,4
30,0,0,1,0,rp19,-150.6,4
31,0,0,1,0,rp19,-151.1,4
32,0,0,1,0,rp19,-147.1,4
33,1,0,0,0,rp19,-144.0,5
34,0,1,0,0,rp19,-144.8,5
35,0,1,0,0,rp19,-149.4,4
36,0,0,1,0,rp19,-150.3,4
37,0,1,0,0,rp19,-136.4,6
38,0,1,0,0,rp19,-162.2,2
39,0,1,0,0,rp19,-154.0,4
41,0,0,1,0,rp19,-80.9,10
42,0,0,1,0,rp19,-146.1,4
43,0,0,1,0,rp19,-153.3,4
44,0,0,1,0,rp19,-153.6,4
45,0,1,0,0,rp19,-141.7,6
46,0,0,1,0,rp19,-119.8,9
47,0,1,0,0,rp19,-110.7,9
48,0,0,1,0,rp19,-162.9,2
49,0,0,1,0,rp19,-137.2,6
50,0,1,0,0,rp19,-133.0,8
51,0,0,1,0,rp19,-78.8,10
52,0,1,0,0,rp19,-150.4,4
53,0,0,0,1,rp19,-152.6,4
54,0,1,0,0,rp19,-140.9,6
55,1,0,0,0,rp19,-109.1,9
56,0,0,0,1,rp19,-158.0,3
57,0,0,0,1,rp19,-148.1,4
58,0,1,0,0,rp19,-152.2,4
59,0,1,0,0,rp19,-151.4,4
60,0,0,0,1,rp19,-151.4,4
61,0,0,1,0,rp19,-148.2,4
1,1,0,0,0,rp20,-75.8,10
2,0,1,0,0,rp20,-149.3,4
3,0,1,0,0,rp20,-153.7,4
4,0,1,0,0,rp20,-156.7,3
5,0,0,1,0,rp20,-136.5,6
6,0,1,0,0,rp20,-119.9,9
7,1,0,0,0,rp20,-106.1,9
8,1,0,0,0,rp20,-140.3,6
9,0,0,1,0,rp20,-141.2,6
10,0,0,1,0,rp20,-148.6,4
11,0,1,0,0,rp20,-147.0,4
12,0,1,0,0,rp20,-149.0,4
13,0,0,1,0,rp20,-144.3,5
14,1,0,0,0,rp20,-140.7,6
15,0,1,0,0,rp20,-143.0,5
16,0,0,1,0,rp20,-154.5,4
17,0,0,1,0,rp20,-141.3,6
19,0,0,1,0,rp20,-72.2,10
20,0,1,0,0,rp20,-144.7,5
21,0,1,0,0,rp20,-158.2,3
22,0,0,1,0,rp20,-130.4,8
23,0,1,0,0,rp20,-149.1,4
24,0,1,0,0,rp20,-94.2,10
25,0,0,1,0,rp20,-130.7,8
26,0,1,0,0,rp20,-149.3,4
27,0,0,0,1,rp20,-142.3,5
28,0,0,1,0,rp20,-152.3,4
29,0,0,1,0,rp20,-153.5,4
30,0,0,0,1,rp20,-127.6,8
31,0,0,1,0,rp20,-139.7,6
32,0,1,0,0,rp20,-143.6,5
33,1,0,0,0,rp20,-128.3,8
34,1,0,0,0,rp20,-98.4,10
35,0,0,1,0,rp20,-121.8,9
36,0,0,0,1,rp20,-111.0,9
37,0,1,0,0,rp20,-136.7,6
38,0,1,0,0,rp20,-143.1,5
39,1,0,0,0,rp20,-145.8,5
40,0,0,1,0,rp20,-151.1,4
41,0,1,0,0,rp20,-150.6,4
42,0,1,0,0,rp20,-152.4,4
43,1,0,0,0,rp20,-148.8,4
44,0,1,0,0,rp20,-147.8,4
45,0,0,1,0,rp20,-151.3,4
46,0,1,0,0,rp20,-145.7,5
47,0,0,0,1,rp20,-154.1,4
48,0,0,0,1,rp20,-100.3,10
49,0,1,0,0,rp20,-110.7,9
50,0,0,1,0,rp20,-116.8,9
51,0,0,1,0,rp20,-156.5,3
52,0,1,0,0,rp20,-150.5,4
53,0,0,1,0,rp20,-145.0,5
54,0,0,0,1,rp20,-144.9,5
55,0,0,1,0,rp20,-115.4,9
56,0,0,1,0,rp20,-149.5,4
57,0,0,1,0,rp20,-145.5,5
58,0,1,0,0,rp20,-126.7,8
59,0,0,1,0,rp20,-73.7,10
60,0,1,0,0,rp20,-142.3,5
61,0,0,0,1,rp20,-97.4,10
62,0,1,0,0,rp20,-113.9,9
63,1,0,0,0,rp20,-111.9,9
64,0,0,0,1,rp20,-138.8,6
65,0,0,1,0,rp20,-140.7,6
66,0,0,1,0,rp20,-149.4,4
67,0,0,1,0,rp20,-151.5,4
1,0,1,0,0,rp21,-141.0,6
3,0,0,1,0,rp21,-90.9,10
4,0,0,1,0,rp21,-134.6,7
5,1,0,0,0,rp21,-146.5,4
6,0,1,0,0,rp21,-131.9,8
7,0,0,1,0,rp21,-158.3,3
8,1,0,0,0,rp21,-142.3,5
9,0,0,1,0,rp21,-142.2,5
10,0,0,1,0,rp21,-121.3,9
11,0,0,0,1,rp21,-74.9,10
12,0,0,1,0,rp21,-145.9,5
13,0,1,0,0,rp21,-141.4,6
14,0,0,1,0,rp21,-145.2,5
15,0,1,0,0,rp21,-159.6,3
16,0,1,0,0,rp21,-145.6,5
17,0,0,1,0,rp21,-140.4,6
18,0,0,0,1,rp21,-159.5,3
19,1,0,0,0,rp21,-121.6,9
20,0,1,0,0,rp21,-130.7,8
21,0,1,0,0,rp21,-146.1,4
22,0,1,0,0,rp21,-161.7,3
23,0,0,1,0,rp21,-153.4,4
24,0,0,1,0,rp21,-78.8,10
25,0,0,0,1,rp21,-129.5,8
26,0,1,0,0,rp21,-89.0,10
27,1,0,0,0,rp21,-129.2,8
28,0,1,0,0,rp21,-73.4,10
29,0,0,1,0,rp21,-169.6,1
30,1,0,0,0,rp21,-174.6,1
31,0,1,0,0,rp21,-107.3,9
32,1,0,0,0,rp21,-132.7,8
33,1,0,0,0,rp21,-145.7,5
34,0,0,1,0,rp21,-107.4,9
35,1,0,0,0,rp21,-158.8,3
36,0,1,0,0,rp21,-150.1,4
37,0,0,1,0,rp21,-150.7,4
38,0,0,1,0,rp21,-164.7,2
39,0,1,0,0,rp21,-128.0,8
40,0,0,1,0,rp21,-126.6,8
1,0,0,0,1,rp22,-122.5,8
2,0,0,0,1,rp22,-124.8,8
3,1,0,0,0,rp22,-149.3,4
4,0,1,0,0,rp22,-157.6,3
5,0,0,0,1,rp22,-153.2,4
6,0,0,1,0,rp22,-153.6,4
7,0,0,0,1,rp22,-139.1,6
8,0,0,1,0,rp22,-138.4,6
9,1,0,0,0,rp22,-141.1,6
10,0,0,1,0,rp22,-120.5,9
11,1,0,0,0,rp22,-113.4,9
12,1,0,0,0,rp22,-136.5,6
13,0,0,0,1,rp22,-107.7,9
14,0,1,0,0,rp22,-123.9,8
15,1,0,0,0,rp22,-162.1,2
16,0,0,1,0,rp22,-137.5,6
17,0,0,0,1,rp22,-146.5,4
18,1,0,0,0,rp22,-149.0,4
19,1,0,0,0,rp22,-141.4,6
20,0,1,0,0,rp22,-164.2,2
21,1,0,0,0,rp22,-90.7,10
22,1,0,0,0,rp22,-84.3,10
23,1,0,0,0,rp22,-139.5,6
24,0,1,0,0,rp22,-147.1,4
25,1,0,0,0,rp22,-138.7,6
26,0,0,0,1,rp22,-150.6,4
27,0,0,1,0,rp22,-150.3,4
28,0,0,0,1,rp22,-135.8,7
29,0,0,1,0,rp22,-85.0,10
30,0,0,1,0,rp22,-133.2,7
31,0,0,1,0,rp22,-131.8,8
32,0,0,1,0,rp22,-144.6,5
33,0,1,0,0,rp22,-151.9,4
34,0,0,0,1,rp22,-141.4,6
35,0,0,0,1,rp22,-103.6,10
36,1,0,0,0,rp22,-144.4,5
37,0,0,0,1,rp22,-164.2,2
38,1,0,0,0,rp22,-148.6,4
39,0,0,0,1,rp22,-89.9,10
40,0,1,0,0,rp22,-142.5,5
41,0,0,0,1,rp22,-146.2,4
42,1,0,0,0,rp22,-146.8,4
43,1,0,0,0,rp22,-141.9,6
44,0,0,0,1,rp22,-151.0,4
45,0,1,0,0,rp22,-137.2,6
46,0,0,1,0,rp22,-130.9,8
47,1,0,0,0,rp22,-142.1,5
48,1,0,0,0,rp22,78.7,9
49,1,0,0,0,rp22,-112.6,9
50,0,0,1,0,rp22,-143.5,5
51,1,0,0,0,rp22,-150.9,4
52,0,0,0,1,rp22,-148.7,4
53,0,0,0,1,rp22,-146.1,4
54,1,0,0,0,rp22,-142.2,5
55,0,0,1,0,rp22,-136.6,6
56,0,0,0,1,rp22,-151.7,4
57,1,0,0,0,rp22,-144.0,5
58,0,0,0,1,rp22,-114.5,9
59,0,0,0,1,rp22,-94.6,10
60,1,0,0,0,rp22,-133.6,7
61,0,0,1,0,rp22,-141.9,6
62,0,0,0,1,rp22,-141.7,6
63,0,0,1,0,rp22,-121.1,9
64,0,1,0,0,rp22,-102.6,10
65,1,0,0,0,rp22,-108.3,9
66,0,0,1,0,rp22,33.7,9
67,1,0,0,0,rp22,-152.4,4
68,0,1,0,0,rp22,-152.0,4
69,0,0,1,0,rp22,-138.4,6
70,0,0,0,1,rp22,172.5,10
71,0,0,0,1,rp22,-165.1,2
72,1,0,0,0,rp22,-155.3,3
73,1,0,0,0,rp22,-140.2,6
74,1,0,0,0,rp22,-150.5,4
75,1,0,0,0,rp22,-110.4,9
76,0,1,0,0,rp22,-91.9,10
77,0,1,0,0,rp22,-153.3,4
78,1,0,0,0,rp22,-140.0,6
79,0,0,0,1,rp22,-143.7,5
80,0,0,1,0,rp22,-141.6,6
81,0,0,0,1,rp22,-169.8,1
83,0,0,0,1,rp22,-111.6,9
84,0,0,0,1,rp22,-144.5,5
85,1,0,0,0,rp22,-143.2,5
86,0,1,0,0,rp22,-160.9,3
87,0,0,0,1,rp22,-154.3,4
88,0,0,1,0,rp22,-142.6,5
89,0,0,0,1,rp22,-133.9,7
90,0,0,1,0,rp22,-138.4,6
91,1,0,0,0,rp22,-140.0,6
92,0,0,1,0,rp22,-126.8,8
93,1,0,0,0,rp22,-108.9,9
94,1,0,0,0,rp22,-145.3,5
95,0,0,0,1,rp22,-108.2,9
96,0,1,0,0,rp22,-131.1,8
97,1,0,0,0,rp22,-151.9,4
98,0,0,1,0,rp22,-131.9,8
99,0,0,0,1,rp22,-163.7,2
100,1,0,0,0,rp22,-134.7,7
101,1,0,0,0,rp22,-145.4,5
102,0,1,0,0,rp22,-162.1,2
103,1,0,0,0,rp22,-142.7,5
104,1,0,0,0,rp22,-94.2,10
105,1,0,0,0,rp22,-140.3,6
106,0,1,0,0,rp22,-140.3,6
107,1,0,0,0,rp22,-141.6,6
108,0,0,0,1,rp22,-139.5,6
109,0,0,1,0,rp22,-140.0,6
110,0,0,0,1,rp22,-129.5,8
111,0,0,1,0,rp22,-104.0,10
112,0,0,1,0,rp22,-149.4,4
113,0,0,1,0,rp22,-146.0,5
114,0,0,1,0,rp22,-147.3,4
115,0,1,0,0,rp22,-143.1,5
116,0,0,0,1,rp22,-160.2,3
117,0,0,0,1,rp22,-138.1,6
118,1,0,0,0,rp22,-144.5,5
119,0,0,0,1,rp22,-157.5,3
120,1,0,0,0,rp22,-164.9,2
121,0,0,0,1,rp22,-94.7,10
122,0,1,0,0,rp22,-149.5,4
123,0,0,0,1,rp22,-142.9,5
124,1,0,0,0,rp22,-149.4,4
125,1,0,0,0,rp22,-150.1,4
126,0,0,0,1,rp22,-156.3,3
127,0,1,0,0,rp22,-147.8,4
128,0,0,1,0,rp22,-142.3,5
129,1,0,0,0,rp22,-113.0,9
130,1,0,0,0,rp22,-145.2,5
131,1,0,0,0,rp22,-131.1,8
132,0,0,1,0,rp22,-152.8,4
133,1,0,0,0,rp22,-135.8,7
134,0,0,0,1,rp22,-146.6,4
135,0,0,0,1,rp22,-143.3,5
136,1,0,0,0,rp22,-156.1,3
137,0,0,1,0,rp22,-145.8,5
138,0,0,0,1,rp22,-164.0,2
139,1,0,0,0,rp22,-142.5,5
140,0,0,0,1,rp22,-97.4,10
141,0,0,0,1,rp22,-77.5,10
142,1,0,0,0,rp22,-136.9,6
143,0,0,1,0,rp22,-154.0,4
144,0,0,0,1,rp22,-147.8,4
145,0,0,1,0,rp22,63.7,9
146,0,1,0,0,rp22,-148.6,4
147,1,0,0,0,rp22,-142.8,5
148,0,0,1,0,rp22,-139.7,6
149,1,0,0,0,rp22,-126.1,8
150,0,1,0,0,rp22,-152.8,4
151,0,0,1,0,rp22,-163.6,2
152,0,0,0,1,rp22,-135.7,7
153,0,0,0,1,rp22,-168.9,2
154,1,0,0,0,rp22,-112.7,9
155,1,0,0,0,rp22,-107.9,9
156,1,0,0,0,rp22,-80.1,10
157,1,0,0,0,rp22,-87.1,10
158,0,1,0,0,rp22,-161.3,3
159,0,1,0,0,rp22,-150.3,4
160,1,0,0,0,rp22,-143.7,5
161,0,0,0,1,rp22,-149.4,4
162,0,0,1,0,rp22,-146.7,4
2,0,0,0,1,rp23,-146.8,4
3,1,0,0,0,rp23,-144.7,5
4,0,1,0,0,rp23,-147.2,4
5,0,0,1,0,rp23,-150.5,4
6,1,0,0,0,rp23,-151.5,4
7,1,0,0,0,rp23,-129.5,8
8,0,0,1,0,rp23,-156.4,3
9,0,0,1,0,rp23,-87.2,10
10,1,0,0,0,rp23,-134.3,7
11,1,0,0,0,rp23,-150.7,4
12,0,0,1,0,rp23,-159.3,3
13,0,0,1,0,rp23,-141.1,6
14,0,0,0,1,rp23,-80.1,10
15,0,0,0,1,rp23,-165.6,2
16,0,0,0,1,rp23,-122.1,8
17,0,0,1,0,rp23,-155.6,3
18,0,0,1,0,rp23,-95.7,10
19,0,0,0,1,rp23,-141.0,6
20,1,0,0,0,rp23,-110.1,9
21,0,0,0,1,rp23,-116.0,9
22,0,0,1,0,rp23,-106.9,9
23,0,0,1,0,rp23,-80.7,10
24,0,0,1,0,rp23,-109.0,9
25,0,0,1,0,rp23,-120.9,9
26,0,0,0,1,rp23,-159.8,3
27,1,0,0,0,rp23,-138.7,6
28,0,0,1,0,rp23,-116.2,9
29,0,0,0,1,rp23,-156.4,3
30,0,0,0,1,rp23,-134.2,7
31,0,0,1,0,rp23,-150.3,4
32,0,0,0,1,rp23,-152.9,4
33,0,1,0,0,rp23,-150.8,4
34,0,0,1,0,rp23,-147.2,4
35,0,0,0,1,rp23,-149.9,4
36,1,0,0,0,rp23,-147.6,4
1,0,0,1,0,rp24,-78.3,10
2,0,0,1,0,rp24,-148.7,4
3,1,0,0,0,rp24,-140.8,6
4,0,1,0,0,rp24,-147.9,4
5,0,1,0,0,rp24,-137.5,6
6,0,0,0,1,rp24,-143.4,5
7,0,1,0,0,rp24,-158.3,3
8,0,0,1,0,rp24,-146.7,4
9,0,1,0,0,rp24,-151.4,4
10,1,0,0,0,rp24,-141.6,6
11,1,0,0,0,rp24,-140.3,6
12,0,0,1,0,rp24,-147.1,4
13,0,0,1,0,rp24,-150.7,4
14,0,0,1,0,rp24,-156.1,3
15,0,0,0,1,rp24,-135.3,7
16,1,0,0,0,rp24,-140.6,6
17,0,0,0,1,rp24,-144.0,5
18,0,1,0,0,rp24,-143.6,5
19,1,0,0,0,rp24,-139.9,6
20,0,0,0,1,rp24,-146.7,4
21,0,0,1,0,rp24,-153.3,4
22,0,0,1,0,rp24,-148.5,4
23,0,1,0,0,rp24,-148.0,4
24,0,0,1,0,rp24,-152.2,4
25,0,0,1,0,rp24,-167.9,2
26,1,0,0,0,rp24,-118.1,9
27,0,1,0,0,rp24,-148.4,4
28,0,0,1,0,rp24,-152.5,4
29,1,0,0,0,rp24,-147.1,4
30,0,1,0,0,rp24,-163.1,2
31,0,1,0,0,rp24,-113.7,9
32,0,0,1,0,rp24,-165.3,2
33,0,0,1,0,rp24,-145.5,5
35,0,0,0,1,rp24,-68.2,10
36,0,0,0,1,rp24,-154.1,4
37,0,1,0,0,rp24,-168.2,2
38,0,0,1,0,rp24,-139.3,6
39,1,0,0,0,rp24,-136.7,6
40,1,0,0,0,rp24,-83.2,10
41,0,1,0,0,rp24,-131.7,8
42,0,1,0,0,rp24,-144.0,5
43,0,1,0,0,rp24,-158.1,3
44,0,1,0,0,rp24,-156.4,3
45,0,0,1,0,rp24,-160.1,3
46,0,0,1,0,rp24,-153.2,4
47,1,0,0,0,rp24,-141.4,6
48,0,0,0,1,rp24,-154.6,4
49,0,1,0,0,rp24,-165.8,2
50,0,1,0,0,rp24,-128.2,8
51,0,0,1,0,rp24,-150.1,4
52,0,0,1,0,rp24,-147.9,4
53,0,1,0,0,rp24,-149.7,4
54,0,1,0,0,rp24,-152.6,4
55,0,0,1,0,rp24,-150.6,4
56,0,0,0,1,rp24,-174.2,1
57,0,1,0,0,rp24,-133.3,7
58,0,1,0,0,rp24,-148.2,4
59,0,0,1,0,rp24,-143.9,5
60,0,1,0,0,rp24,-152.8,4
61,0,1,0,0,rp24,-164.2,2
62,0,0,1,0,rp24,-125.8,8
63,0,0,0,1,rp24,-143.7,5
64,0,0,1,0,rp24,-146.7,4
65,1,0,0,0,rp24,-137.3,6
66,0,0,0,1,rp24,-117.8,9
67,0,1,0,0,rp24,-149.9,4
68,0,1,0,0,rp24,-152.0,4
69,1,0,0,0,rp24,-147.3,4
70,0,0,0,1,rp24,-153.0,4
71,0,0,1,0,rp24,-147.3,4
72,0,1,0,0,rp24,-152.8,4
73,0,0,1,0,rp24,-154.2,4
74,0,0,1,0,rp24,-137.5,6
75,0,0,0,1,rp24,-153.3,4
76,0,0,0,1,rp24,52.6,9
77,1,0,0,0,rp24,-141.3,6
78,0,1,0,0,rp24,-141.8,6
79,0,1,0,0,rp24,-140.5,6
80,0,0,1,0,rp24,-124.0,8
81,0,1,0,0,rp24,-139.7,6
82,0,1,0,0,rp24,-142.6,5
83,0,1,0,0,rp24,-156.1,3
84,0,0,1,0,rp24,-146.1,4
85,0,1,0,0,rp24,-166.2,2
86,0,0,1,0,rp24,-127.8,8
87,0,0,0,1,rp24,-142.9,5
88,0,0,1,0,rp24,-138.1,6
89,0,0,0,1,rp24,-127.9,8
90,0,1,0,0,rp24,-140.3,6
91,0,0,1,0,rp24,-113.3,9
92,1,0,0,0,rp24,-91.3,10
93,1,0,0,0,rp24,-139.0,6
94,0,1,0,0,rp24,-150.5,4
95,0,1,0,0,rp24,-151.4,4
96,0,1,0,0,rp24,-137.9,6
97,1,0,0,0,rp24,-67.5,10
98,0,0,1,0,rp24,-138.0,6
99,0,0,1,0,rp24,-151.9,4
100,0,0,0,1,rp24,-131.3,8
101,0,0,1,0,rp24,-135.0,7
102,0,0,0,1,rp24,-146.2,4
103,0,0,1,0,rp24,-147.0,4
104,0,1,0,0,rp24,-151.5,4
105,0,0,1,0,rp24,-149.6,4
106,1,0,0,0,rp24,-143.4,5
107,0,0,1,0,rp24,-167.2,2
108,0,0,1,0,rp24,-107.6,9
109,0,0,0,1,rp24,-107.9,9
110,0,1,0,0,rp24,-148.2,4
1,0,0,1,0,rp25,-104.0,10
2,0,0,1,0,rp25,-142.8,5
3,0,0,1,0,rp25,-144.1,5
4,0,0,0,1,rp25,-143.3,5
5,0,0,1,0,rp25,-118.9,9
6,0,0,0,1,rp25,-70.5,10
7,1,0,0,0,rp25,-103.2,10
8,1,0,0,0,rp25,-138.7,6
9,0,0,0,1,rp25,-143.4,5
10,0,1,0,0,rp25,-143.9,5
11,0,0,0,1,rp25,-146.8,4
12,0,1,0,0,rp25,-147.7,4
13,0,1,0,0,rp25,-150.0,4
14,1,0,0,0,rp25,-143.5,5
15,1,0,0,0,rp25,-150.3,4
16,1,0,0,0,rp25,-147.2,4
17,1,0,0,0,rp25,-140.7,6
18,0,0,0,1,rp25,-113.0,9
19,1,0,0,0,rp25,-98.1,10
20,0,0,0,1,rp25,-89.1,10
21,0,0,1,0,rp25,-140.1,6
22,0,0,1,0,rp25,-128.3,8
23,0,0,0,1,rp25,-153.8,4
24,0,0,0,1,rp25,-151.2,4
25,0,0,1,0,rp25,-152.2,4
26,0,0,1,0,rp25,-154.0,4
27,0,0,1,0,rp25,-147.1,4
28,0,0,1,0,rp25,-153.3,4
29,1,0,0,0,rp25,-138.5,6
30,0,0,1,0,rp25,-146.5,4
31,0,1,0,0,rp25,-151.0,4
32,0,1,0,0,rp25,-152.6,4
33,0,0,0,1,rp25,-97.3,10
34,0,1,0,0,rp25,-132.5,8
35,0,1,0,0,rp25,-136.7,6
36,1,0,0,0,rp25,-127.7,8
37,0,1,0,0,rp25,-121.3,9
38,0,1,0,0,rp25,-156.0,3
39,1,0,0,0,rp25,-150.1,4
40,0,0,1,0,rp25,-156.7,3
41,0,0,0,1,rp25,-133.0,8
42,0,0,1,0,rp25,-148.8,4
43,1,0,0,0,rp25,-143.1,5
44,1,0,0,0,rp25,-135.8,7
45,0,1,0,0,rp25,-147.3,4
46,0,1,0,0,rp25,-110.5,9
47,0,0,1,0,rp25,-121.5,9
48,0,0,0,1,rp25,-85.0,10
49,1,0,0,0,rp25,-133.7,7
50,1,0,0,0,rp25,-152.9,4
51,1,0,0,0,rp25,-107.1,9
52,1,0,0,0,rp25,-107.0,9
53,0,0,0,1,rp25,-109.4,9
54,0,1,0,0,rp25,-147.5,4
55,0,0,1,0,rp25,-125.0,8
56,0,1,0,0,rp25,-146.8,4
57,0,0,0,1,rp25,-152.1,4
58,0,0,1,0,rp25,-94.2,10
59,0,0,0,1,rp25,-68.9,10
60,0,1,0,0,rp25,-86.2,10
61,1,0,0,0,rp25,-126.2,8
62,0,1,0,0,rp25,-145.2,5
63,0,1,0,0,rp25,-144.8,5
64,1,0,0,0,rp25,-134.2,7
65,0,1,0,0,rp25,-154.4,4
66,0,1,0,0,rp25,-146.8,4
67,0,1,0,0,rp25,-143.3,5
68,1,0,0,0,rp25,-143.9,5
1,0,0,1,0,rp26,75.5,9
2,1,0,0,0,rp26,96.1,9
3,1,0,0,0,rp26,-70.5,10
4,1,0,0,0,rp26,-144.6,5
5,0,0,1,0,rp26,-84.3,10
8,0,0,1,0,rp26,-64.0,10
9,0,0,1,0,rp26,-162.5,2
10,0,0,0,1,rp26,-140.0,6
11,0,0,1,0,rp26,-132.3,8
12,0,1,0,0,rp26,-159.7,3
13,0,0,1,0,rp26,-165.2,2
14,0,1,0,0,rp26,-117.6,9
15,0,0,1,0,rp26,-137.5,6
16,0,0,0,1,rp26,-164.7,2
19,0,0,1,0,rp26,-68.6,10
20,0,0,1,0,rp26,-159.1,3
21,0,1,0,0,rp26,-146.0,5
22,0,0,1,0,rp26,-133.8,7
23,0,1,0,0,rp26,-139.9,6
24,1,0,0,0,rp26,-153.0,4
25,0,0,0,1,rp26,-147.8,4
28,1,0,0,0,rp26,88.1,9
29,0,1,0,0,rp26,-156.2,3
30,0,0,0,1,rp26,-157.4,3
31,0,1,0,0,rp26,-166.3,2
32,0,0,1,0,rp26,-114.3,9
33,0,0,1,0,rp26,-140.8,6
34,0,0,1,0,rp26,-138.7,6
35,0,0,0,1,rp26,-150.4,4
36,0,0,1,0,rp26,-154.4,4
37,0,0,1,0,rp26,-162.5,2
38,1,0,0,0,rp26,-103.8,10
39,1,0,0,0,rp26,-101.5,10
40,0,1,0,0,rp26,-90.3,10
41,0,1,0,0,rp26,-151.5,4
42,0,0,1,0,rp26,-148.6,4
43,0,1,0,0,rp26,-142.5,5
44,0,0,1,0,rp26,-155.2,3
45,0,0,1,0,rp26,-154.0,4
46,0,0,1,0,rp26,-147.1,4
47,1,0,0,0,rp26,-153.3,4
48,0,0,1,0,rp26,-152.4,4
49,0,1,0,0,rp26,-166.6,2
52,0,1,0,0,rp26,78.1,9
53,0,0,1,0,rp26,-176.4,1
54,0,1,0,0,rp26,-135.0,7
55,0,0,0,1,rp26,-139.1,6
56,0,1,0,0,rp26,-152.9,4
57,0,0,0,1,rp26,-135.8,7
58,0,1,0,0,rp26,-143.0,5
59,0,0,1,0,rp26,-141.1,6
60,0,0,0,1,rp26,-135.2,7
61,0,1,0,0,rp26,-168.6,2
62,0,1,0,0,rp26,-158.6,3
63,0,1,0,0,rp26,-158.1,3
64,0,0,1,0,rp26,177.1,10
65,1,0,0,0,rp26,-140.2,6
67,0,0,1,0,rp26,-85.0,10
68,0,1,0,0,rp26,-167.0,2
69,0,0,1,0,rp26,-117.5,9
70,0,0,1,0,rp26,-147.2,4
71,1,0,0,0,rp26,-153.2,4
72,1,0,0,0,rp26,-149.5,4
73,0,0,1,0,rp26,-112.8,9
74,0,0,0,1,rp26,-151.5,4
75,1,0,0,0,rp26,-100.5,10
76,0,0,1,0,rp26,-110.6,9
77,0,0,0,1,rp26,-146.5,4
78,0,0,0,1,rp26,-161.4,3
79,0,1,0,0,rp26,-150.5,4
80,1,0,0,0,rp26,-128.3,8
81,0,0,1,0,rp26,179.4,10
82,0,0,0,1,rp26,-106.1,9
83,0,0,1,0,rp26,-126.6,8
84,0,0,1,0,rp26,-108.6,9
85,0,0,0,1,rp26,-177.7,1
86,1,0,0,0,rp26,-152.5,4
87,0,0,1,0,rp26,-158.5,3
88,1,0,0,0,rp26,-151.5,4
89,1,0,0,0,rp26,-135.4,7
90,0,1,0,0,rp26,-148.1,4
91,1,0,0,0,rp26,-146.2,4
92,0,1,0,0,rp26,-161.7,3
93,0,1,0,0,rp26,-159.8,3
94,1,0,0,0,rp26,-148.6,4
95,0,1,0,0,rp26,-154.7,4
97,1,0,0,0,rp26,-87.5,10
98,1,0,0,0,rp26,-180.0,1
99,0,0,1,0,rp26,-119.6,9
100,0,0,1,0,rp26,-152.4,4
101,0,0,0,1,rp26,-117.4,9
102,0,0,1,0,rp26,-133.6,7
103,0,0,1,0,rp26,-148.7,4
104,0,0,1,0,rp26,-135.3,7
105,0,0,1,0,rp26,-122.3,8
108,0,1,0,0,rp26,69.6,9
109,0,0,1,0,rp26,-127.7,8
110,0,1,0,0,rp26,-159.2,3
111,0,0,1,0,rp26,-147.1,4
112,0,0,1,0,rp26,-143.5,5
113,0,0,1,0,rp26,-155.9,3
114,0,0,0,1,rp26,-137.2,6
115,0,0,0,1,rp26,-133.4,7
116,0,1,0,0,rp26,-135.6,7
117,0,0,1,0,rp26,-149.1,4
118,1,0,0,0,rp26,-107.0,9
119,1,0,0,0,rp26,-147.6,4
120,0,0,0,1,rp26,-105.9,9
121,0,1,0,0,rp26,-142.6,5
122,0,1,0,0,rp26,-152.1,4
123,0,1,0,0,rp26,-151.6,4
124,0,0,1,0,rp26,-153.6,4
125,0,0,0,1,rp26,-156.9,3
126,0,1,0,0,rp26,-150.4,4
127,0,0,0,1,rp26,-143.3,5
128,0,0,0,1,rp26,-137.8,6
129,0,1,0,0,rp26,-141.7,6
130,0,1,0,0,rp26,-143.1,5
131,0,0,1,0,rp26,-149.2,4
132,0,1,0,0,rp26,-144.8,5
133,0,0,0,1,rp26,-164.8,2
134,0,1,0,0,rp26,-127.4,8
135,0,1,0,0,rp26,-143.3,5
1,0,0,1,0,rp28,-115.4,9
2,0,0,1,0,rp28,-174.3,1
3,0,0,1,0,rp28,-124.4,8
4,0,1,0,0,rp28,-148.9,4
5,0,1,0,0,rp28,-145.4,5
6,0,0,0,1,rp28,-141.6,6
7,1,0,0,0,rp28,-94.8,10
8,0,0,0,1,rp28,-159.1,3
9,1,0,0,0,rp28,-102.3,10
10,0,0,1,0,rp28,-131.0,8
11,0,1,0,0,rp28,-151.9,4
12,0,0,0,1,rp28,-143.9,5
13,0,1,0,0,rp28,-155.5,3
14,1,0,0,0,rp28,-140.7,6
15,0,0,1,0,rp28,-155.2,3
16,0,0,1,0,rp28,-90.0,10
17,0,1,0,0,rp28,-94.3,10
18,0,0,1,0,rp28,-118.1,9
19,0,0,1,0,rp28,-57.7,10
20,0,0,0,1,rp28,-74.2,10
21,0,0,0,1,rp28,-168.9,2
22,1,0,0,0,rp28,168.4,10
23,0,0,1,0,rp28,-152.5,4
24,1,0,0,0,rp28,-154.7,4
25,0,0,1,0,rp28,-137.6,6
26,0,1,0,0,rp28,-133.8,7
27,0,0,1,0,rp28,-137.0,6
28,0,1,0,0,rp28,-139.7,6
29,0,0,0,1,rp28,-147.9,4
30,0,0,0,1,rp28,-151.8,4
31,0,1,0,0,rp28,-150.7,4
32,0,0,1,0,rp28,-145.9,5
33,0,1,0,0,rp28,-123.7,8
34,0,0,0,1,rp28,-131.1,8
35,0,0,1,0,rp28,-137.5,6
36,1,0,0,0,rp28,-163.2,2
37,0,0,0,1,rp28,-104.0,10
38,1,0,0,0,rp28,42.5,9
39,1,0,0,0,rp28,-108.3,9
40,0,1,0,0,rp28,-142.6,5
41,0,0,1,0,rp28,-145.6,5
42,1,0,0,0,rp28,-176.5,1
43,1,0,0,0,rp28,-126.8,8
44,0,0,1,0,rp28,-157.0,3
45,1,0,0,0,rp28,-134.3,7
46,0,0,1,0,rp28,-126.4,8
47,0,0,1,0,rp28,-86.7,10
48,0,0,0,1,rp28,-138.9,6
49,0,1,0,0,rp28,-135.7,7
50,0,0,1,0,rp28,-153.1,4
51,0,0,1,0,rp28,-157.8,3
52,1,0,0,0,rp28,-148.1,4
53,0,0,1,0,rp28,-152.2,4
54,0,0,1,0,rp28,-148.8,4
55,0,0,0,1,rp28,-136.2,6
56,0,0,0,1,rp28,-134.4,7
57,0,1,0,0,rp28,-134.3,7
58,0,0,1,0,rp28,-132.3,8
59,1,0,0,0,rp28,-106.0,9
60,0,0,1,0,rp28,-134.5,7
61,0,0,0,1,rp28,-109.4,9
62,0,1,0,0,rp28,-149.9,4
63,0,1,0,0,rp28,-157.9,3
64,0,0,0,1,rp28,-150.5,4
65,0,1,0,0,rp28,-145.1,5
66,0,1,0,0,rp28,-146.1,4
67,0,0,0,1,rp28,-146.7,4
68,1,0,0,0,rp28,-151.9,4
69,0,0,1,0,rp28,-142.0,6
70,0,0,1,0,rp28,-157.9,3
71,0,1,0,0,rp28,-152.0,4
72,0,1,0,0,rp28,-149.2,4
73,0,1,0,0,rp28,-144.3,5
74,1,0,0,0,rp28,-146.8,4
75,0,1,0,0,rp28,-140.2,6
76,0,1,0,0,rp28,-129.8,8
78,0,0,1,0,rp28,-73.1,10
79,0,0,1,0,rp28,-156.7,3
80,0,1,0,0,rp28,-146.4,4
81,0,0,1,0,rp28,-129.4,8
82,1,0,0,0,rp28,-137.2,6
83,0,1,0,0,rp28,-96.3,10
84,0,0,1,0,rp28,-162.1,2
85,1,0,0,0,rp28,-122.8,8
86,0,0,0,1,rp28,-122.5,8
87,0,1,0,0,rp28,-138.4,6
88,0,1,0,0,rp28,-149.2,4
89,0,0,1,0,rp28,-149.8,4
90,0,0,1,0,rp28,-144.5,5
91,0,1,0,0,rp28,-112.4,9
92,0,1,0,0,rp28,-148.7,4
93,1,0,0,0,rp28,-152.0,4
94,0,0,0,1,rp28,-120.3,9
95,0,1,0,0,rp28,-129.4,8
96,1,0,0,0,rp28,-103.2,10
97,0,1,0,0,rp28,-151.3,4
98,0,1,0,0,rp28,-153.1,4
99,0,0,1,0,rp28,-144.2,5
100,0,0,1,0,rp28,-152.2,4
101,0,0,1,0,rp28,-155.7,3
102,0,0,1,0,rp28,-116.0,9
103,1,0,0,0,rp28,-89.8,10
104,0,0,1,0,rp28,-148.5,4
105,0,1,0,0,rp28,-147.6,4
106,0,1,0,0,rp28,-128.0,8
107,0,0,0,1,rp28,-151.2,4
108,0,0,0,1,rp28,-158.9,3
109,0,1,0,0,rp28,-123.2,8
110,0,0,1,0,rp28,-161.9,3
111,0,0,1,0,rp28,-114.1,9
112,1,0,0,0,rp28,-133.0,8
113,1,0,0,0,rp28,-147.0,4
114,0,0,1,0,rp28,-155.6,3
115,1,0,0,0,rp28,-131.4,8
116,1,0,0,0,rp28,-144.0,5
117,0,1,0,0,rp28,-143.2,5
118,0,0,1,0,rp28,-144.2,5
119,0,0,1,0,rp28,-152.6,4
120,0,1,0,0,rp28,-148.2,4
121,0,0,1,0,rp28,-147.5,4
122,0,1,0,0,rp28,-167.0,2
123,0,1,0,0,rp28,-96.3,10
124,0,0,1,0,rp28,-118.8,9
125,0,1,0,0,rp28,-144.1,5
126,0,1,0,0,rp28,-144.1,5
127,0,0,1,0,rp28,-156.7,3
128,0,0,1,0,rp28,-160.6,3
129,1,0,0,0,rp28,-131.8,8
130,1,0,0,0,rp28,-131.2,8
131,1,0,0,0,rp28,-142.2,5
132,0,1,0,0,rp28,-144.1,5
133,0,0,1,0,rp28,-138.8,6
134,0,0,1,0,rp28,-148.6,4
135,0,1,0,0,rp28,-143.9,5
136,0,0,1,0,rp28,-152.3,4
137,0,0,1,0,rp28,-145.4,5
138,0,1,0,0,rp28,-144.6,5
139,0,0,1,0,rp28,-155.9,3
140,0,1,0,0,rp28,-145.1,5
141,0,0,0,1,rp28,-153.9,4
142,0,1,0,0,rp28,-146.1,4
143,1,0,0,0,rp28,-89.9,10
144,0,0,1,0,rp28,-167.0,2
145,0,0,0,1,rp28,-149.5,4
146,1,0,0,0,rp28,-124.7,8
147,0,0,1,0,rp28,179.9,10
148,1,0,0,0,rp28,-110.7,9
149,1,0,0,0,rp28,-140.0,6
150,0,1,0,0,rp28,-136.7,6
151,0,1,0,0,rp28,-142.3,5
152,0,0,1,0,rp28,-133.3,7
153,1,0,0,0,rp28,-157.5,3
154,1,0,0,0,rp28,-135.8,7
155,0,1,0,0,rp28,-150.9,4
156,0,0,1,0,rp28,-134.6,7
157,0,0,1,0,rp28,-166.4,2
158,0,0,1,0,rp28,-16.4,9
159,0,0,0,1,rp28,-95.9,10
160,0,0,1,0,rp28,-156.5,3
161,1,0,0,0,rp28,-96.7,10
162,0,0,1,0,rp28,-144.7,5
163,0,1,0,0,rp28,-124.1,8
164,0,1,0,0,rp28,-142.5,5
165,0,1,0,0,rp28,-151.4,4
166,0,0,1,0,rp28,-104.5,10
167,0,0,0,1,rp28,-93.6,10
168,0,1,0,0,rp28,-89.6,10
169,1,0,0,0,rp28,-158.3,3
170,0,1,0,0,rp28,-126.5,8
171,1,0,0,0,rp28,-149.7,4
172,0,0,1,0,rp28,-167.2,2
173,0,1,0,0,rp28,-151.9,4
174,0,0,0,1,rp28,-135.6,7
1,0,0,1,0,rp29,-66.0,10
2,0,0,1,0,rp29,-167.4,2
3,0,1,0,0,rp29,-150.9,4
4,0,0,0,1,rp29,-159.9,3
5,0,0,0,1,rp29,-168.9,2
6,0,1,0,0,rp29,-146.9,4
7,1,0,0,0,rp29,-72.0,10
8,1,0,0,0,rp29,-125.8,8
9,0,1,0,0,rp29,-98.0,10
10,1,0,0,0,rp29,-115.3,9
11,1,0,0,0,rp29,-149.3,4
12,0,1,0,0,rp29,-140.1,6
13,0,1,0,0,rp29,-137.3,6
14,0,1,0,0,rp29,-132.6,8
15,0,1,0,0,rp29,-104.7,10
16,0,0,1,0,rp29,-164.5,2
17,0,0,0,1,rp29,-162.2,2
18,1,0,0,0,rp29,-162.2,2
19,0,0,1,0,rp29,-170.0,1
20,0,0,1,0,rp29,-141.9,6
21,0,0,0,1,rp29,-150.4,4
22,0,0,0,1,rp29,-140.3,6
23,0,0,1,0,rp29,-175.0,1
24,0,0,1,0,rp29,-131.7,8
25,0,0,1,0,rp29,-147.5,4
26,0,1,0,0,rp29,-149.0,4
27,0,1,0,0,rp29,-151.5,4
28,0,0,1,0,rp29,-137.9,6
29,1,0,0,0,rp29,-134.4,7
30,1,0,0,0,rp29,-163.6,2
31,1,0,0,0,rp29,-117.9,9
32,0,0,1,0,rp29,-143.3,5
33,0,0,1,0,rp29,-140.4,6
34,0,1,0,0,rp29,-144.3,5
35,1,0,0,0,rp29,-151.8,4
36,0,0,1,0,rp29,-77.2,10
37,0,1,0,0,rp29,-105.4,9
38,0,0,1,0,rp29,-127.1,8
39,1,0,0,0,rp29,-138.2,6
40,1,0,0,0,rp29,-141.0,6
41,0,0,0,1,rp29,-155.9,3
42,0,1,0,0,rp29,-139.8,6
43,0,0,0,1,rp29,-149.5,4
44,1,0,0,0,rp29,-143.1,5
45,0,1,0,0,rp29,-149.7,4
46,0,0,0,1,rp29,-141.7,6
47,0,0,1,0,rp29,-175.5,1
48,0,0,1,0,rp29,-123.8,8
49,1,0,0,0,rp29,-140.1,6
50,0,0,1,0,rp29,-139.1,6
51,0,1,0,0,rp29,-156.0,3
